
Check transaction_log_entries
SELECT COUNT(*) FROM DATA_DICTIONARY.TRANSACTION_LOG_ENTRIES;
COUNT(*)
2

Check transaction_log_transactions
SELECT COUNT(*) FROM DATA_DICTIONARY.TRANSACTION_LOG_TRANSACTIONS;
COUNT(*)
2
Check transaction log contents
SELECT PRINT_TRANSACTION_MESSAGE('transaction.log',(select max(entry_offset) from DATA_DICTIONARY.TRANSACTION_LOG_TRANSACTIONS));
PRINT_TRANSACTION_MESSAGE('transaction.log',(select max(entry_offset) from DATA_DICTIONARY.TRANSACTION_LOG_TRANSACTIONS))
transaction_context {
  server_id: 1
  TRANSACTION_ID
  START_TIMESTAMP
  END_TIMESTAMP
}
statement {
  type: UPDATE
  START_TIMESTAMP
  END_TIMESTAMP
  update_header {
    table_metadata {
      schema_name: "test"
      table_name: "t1"
    }
    key_field_metadata {
      type: INTEGER
      name: "a"
    }
    set_field_metadata {
      type: INTEGER
      name: "b"
    }
  }
  update_data {
    segment_id: 1
    end_segment: true
    record {
      key_value: "951"
      after_value: "1"
      is_null: false
    }
  }
}
statement {
  type: INSERT
  START_TIMESTAMP
  END_TIMESTAMP
  insert_header {
    table_metadata {
      schema_name: "test"
      table_name: "t1"
    }
    field_metadata {
      type: INTEGER
      name: "a"
    }
    field_metadata {
      type: INTEGER
      name: "b"
    }
  }
  insert_data {
    segment_id: 1
    end_segment: true
    record {
      insert_value: "952"
      insert_value: "0"
      is_null: false
      is_null: false
    }
  }
}
statement {
  type: UPDATE
  START_TIMESTAMP
  END_TIMESTAMP
  update_header {
    table_metadata {
      schema_name: "test"
      table_name: "t1"
    }
    key_field_metadata {
      type: INTEGER
      name: "a"
    }
    set_field_metadata {
      type: INTEGER
      name: "b"
    }
  }
  update_data {
    segment_id: 1
    end_segment: true
    record {
      key_value: "952"
      after_value: "1"
      is_null: false
    }
  }
}
statement {
  type: INSERT
  START_TIMESTAMP
  END_TIMESTAMP
  insert_header {
    table_metadata {
      schema_name: "test"
      table_name: "t1"
    }
    field_metadata {
      type: INTEGER
      name: "a"
    }
    field_metadata {
      type: INTEGER
      name: "b"
    }
  }
  insert_data {
    segment_id: 1
    end_segment: true
    record {
      insert_value: "953"
      insert_value: "0"
      is_null: false
      is_null: false
    }
  }
}
statement {
  type: UPDATE
  START_TIMESTAMP
  END_TIMESTAMP
  update_header {
    table_metadata {
      schema_name: "test"
      table_name: "t1"
    }
    key_field_metadata {
      type: INTEGER
      name: "a"
    }
    set_field_metadata {
      type: INTEGER
      name: "b"
    }
  }
  update_data {
    segment_id: 1
    end_segment: true
    record {
      key_value: "953"
      after_value: "1"
      is_null: false
    }
  }
}
statement {
  type: INSERT
  START_TIMESTAMP
  END_TIMESTAMP
  insert_header {
    table_metadata {
      schema_name: "test"
      table_name: "t1"
    }
    field_metadata {
      type: INTEGER
      name: "a"
    }
    field_metadata {
      type: INTEGER
      name: "b"
    }
  }
  insert_data {
    segment_id: 1
    end_segment: true
    record {
      insert_value: "954"
      insert_value: "0"
      is_null: false
      is_null: false
    }
  }
}
statement {
  type: UPDATE
  START_TIMESTAMP
  END_TIMESTAMP
  update_header {
    table_metadata {
      schema_name: "test"
      table_name: "t1"
    }
    key_field_metadata {
      type: INTEGER
      name: "a"
    }
    set_field_metadata {
      type: INTEGER
      name: "b"
    }
  }
  update_data {
    segment_id: 1
    end_segment: true
    record {
      key_value: "954"
      after_value: "1"
      is_null: false
    }
  }
}
statement {
  type: INSERT
  START_TIMESTAMP
  END_TIMESTAMP
  insert_header {
    table_metadata {
      schema_name: "test"
      table_name: "t1"
    }
    field_metadata {
      type: INTEGER
      name: "a"
    }
    field_metadata {
      type: INTEGER
      name: "b"
    }
  }
  insert_data {
    segment_id: 1
    end_segment: true
    record {
      insert_value: "955"
      insert_value: "0"
      is_null: false
      is_null: false
    }
  }
}
statement {
  type: UPDATE
  START_TIMESTAMP
  END_TIMESTAMP
  update_header {
    table_metadata {
      schema_name: "test"
      table_name: "t1"
    }
    key_field_metadata {
      type: INTEGER
      name: "a"
    }
    set_field_metadata {
      type: INTEGER
      name: "b"
    }
  }
  update_data {
    segment_id: 1
    end_segment: true
    record {
      key_value: "955"
      after_value: "1"
      is_null: false
    }
  }
}
statement {
  type: INSERT
  START_TIMESTAMP
  END_TIMESTAMP
  insert_header {
    table_metadata {
      schema_name: "test"
      table_name: "t1"
    }
    field_metadata {
      type: INTEGER
      name: "a"
    }
    field_metadata {
      type: INTEGER
      name: "b"
    }
  }
  insert_data {
    segment_id: 1
    end_segment: true
    record {
      insert_value: "956"
      insert_value: "0"
      is_null: false
      is_null: false
    }
  }
}
statement {
  type: UPDATE
  START_TIMESTAMP
  END_TIMESTAMP
  update_header {
    table_metadata {
      schema_name: "test"
      table_name: "t1"
    }
    key_field_metadata {
      type: INTEGER
      name: "a"
    }
    set_field_metadata {
      type: INTEGER
      name: "b"
    }
  }
  update_data {
    segment_id: 1
    end_segment: true
    record {
      key_value: "956"
      after_value: "1"
      is_null: false
    }
  }
}
statement {
  type: INSERT
  START_TIMESTAMP
  END_TIMESTAMP
  insert_header {
    table_metadata {
      schema_name: "test"
      table_name: "t1"
    }
    field_metadata {
      type: INTEGER
      name: "a"
    }
    field_metadata {
      type: INTEGER
      name: "b"
    }
  }
  insert_data {
    segment_id: 1
    end_segment: true
    record {
      insert_value: "957"
      insert_value: "0"
      is_null: false
      is_null: false
    }
  }
}
statement {
  type: UPDATE
  START_TIMESTAMP
  END_TIMESTAMP
  update_header {
    table_metadata {
      schema_name: "test"
      table_name: "t1"
    }
    key_field_metadata {
      type: INTEGER
      name: "a"
    }
    set_field_metadata {
      type: INTEGER
      name: "b"
    }
  }
  update_data {
    segment_id: 1
    end_segment: true
    record {
      key_value: "957"
      after_value: "1"
      is_null: false
    }
  }
}
statement {
  type: INSERT
  START_TIMESTAMP
  END_TIMESTAMP
  insert_header {
    table_metadata {
      schema_name: "test"
      table_name: "t1"
    }
    field_metadata {
      type: INTEGER
      name: "a"
    }
    field_metadata {
      type: INTEGER
      name: "b"
    }
  }
  insert_data {
    segment_id: 1
    end_segment: true
    record {
      insert_value: "958"
      insert_value: "0"
      is_null: false
      is_null: false
    }
  }
}
statement {
  type: UPDATE
  START_TIMESTAMP
  END_TIMESTAMP
  update_header {
    table_metadata {
      schema_name: "test"
      table_name: "t1"
    }
    key_field_metadata {
      type: INTEGER
      name: "a"
    }
    set_field_metadata {
      type: INTEGER
      name: "b"
    }
  }
  update_data {
    segment_id: 1
    end_segment: true
    record {
      key_value: "958"
      after_value: "1"
      is_null: false
    }
  }
}
statement {
  type: INSERT
  START_TIMESTAMP
  END_TIMESTAMP
  insert_header {
    table_metadata {
      schema_name: "test"
      table_name: "t1"
    }
    field_metadata {
      type: INTEGER
      name: "a"
    }
    field_metadata {
      type: INTEGER
      name: "b"
    }
  }
  insert_data {
    segment_id: 1
    end_segment: true
    record {
      insert_value: "959"
      insert_value: "0"
      is_null: false
      is_null: false
    }
  }
}
statement {
  type: UPDATE
  START_TIMESTAMP
  END_TIMESTAMP
  update_header {
    table_metadata {
      schema_name: "test"
      table_name: "t1"
    }
    key_field_metadata {
      type: INTEGER
      name: "a"
    }
    set_field_metadata {
      type: INTEGER
      name: "b"
    }
  }
  update_data {
    segment_id: 1
    end_segment: true
    record {
      key_value: "959"
      after_value: "1"
      is_null: false
    }
  }
}
segment_id: 2
end_segment: true


COMMIT;
