SET @orig_lock_wait_timeout= @@innodb_lock_wait_timeout;
SELECT @orig_lock_wait_timeout;
@orig_lock_wait_timeout
50
SET GLOBAL innodb_lock_wait_timeout=2;
DROP TABLE IF EXISTS t1;
CREATE TABLE t1 (
id INT NOT NULL
, padding VARCHAR(200) NOT NULL
, PRIMARY KEY (id)
);
INSERT INTO t1 VALUES (1, "I love testing.");
INSERT INTO t1 VALUES (3, "I hate testing.");
INSERT INTO t1 VALUES (5, "I still hate testing.");
START TRANSACTION;
SELECT id FROM t1 FOR UPDATE;
id
1
3
5
UPDATE t1 SET id=1000 WHERE padding='I love testing.';
ERROR HY000: Lock wait timeout exceeded; try restarting transaction
UPDATE t1 SET id=id + 1;
COMMIT;
DROP TABLE t1;
SET GLOBAL innodb_lock_wait_timeout=@orig_lock_wait_timeout ;
SET AUTOCOMMIT=0;
CREATE TABLE `test`.`t1` (   `id` INT NOT NULL,   `padding` VARCHAR(200) COLLATE utf8_general_ci NOT NULL,   PRIMARY KEY (`id`) ) ENGINE=InnoDB COLLATE = utf8_general_ci;
COMMIT;
START TRANSACTION;
INSERT INTO `test`.`t1` (`id`,`padding`) VALUES (1,'I love testing.');
COMMIT;
START TRANSACTION;
INSERT INTO `test`.`t1` (`id`,`padding`) VALUES (3,'I hate testing.');
COMMIT;
START TRANSACTION;
INSERT INTO `test`.`t1` (`id`,`padding`) VALUES (5,'I still hate testing.');
COMMIT;
START TRANSACTION;
UPDATE `test`.`t1` SET `id`=2 WHERE `id`=1;
UPDATE `test`.`t1` SET `id`=4 WHERE `id`=3;
UPDATE `test`.`t1` SET `id`=6 WHERE `id`=5;
COMMIT;
SET AUTOCOMMIT=0;
DROP TABLE `test`.`t1`;
COMMIT;

Generating statements for innodb replication log
SET AUTOCOMMIT=0;
CREATE TABLE `test`.`t1` (   `id` INT NOT NULL,   `padding` VARCHAR(200) COLLATE utf8_general_ci NOT NULL,   PRIMARY KEY (`id`) ) ENGINE=InnoDB COLLATE = utf8_general_ci;
COMMIT;
START TRANSACTION;
INSERT INTO `test`.`t1` (`id`,`padding`) VALUES (1,'I love testing.');
COMMIT;
START TRANSACTION;
INSERT INTO `test`.`t1` (`id`,`padding`) VALUES (3,'I hate testing.');
COMMIT;
START TRANSACTION;
INSERT INTO `test`.`t1` (`id`,`padding`) VALUES (5,'I still hate testing.');
COMMIT;
START TRANSACTION;
UPDATE `test`.`t1` SET `id`=2 WHERE `id`=1;
UPDATE `test`.`t1` SET `id`=4 WHERE `id`=3;
UPDATE `test`.`t1` SET `id`=6 WHERE `id`=5;
COMMIT;
SET AUTOCOMMIT=0;
DROP TABLE `test`.`t1`;
COMMIT;
SET GLOBAL transaction_log_truncate_debug= true;
