SELECT RESULT_TYPE(NULL);
RESULT_TYPE(NULL)
STRING
SELECT RESULT_TYPE(FALSE);
RESULT_TYPE(FALSE)
REAL
SELECT RESULT_TYPE(TRUE);
RESULT_TYPE(TRUE)
REAL
SELECT RESULT_TYPE("");
RESULT_TYPE("")
STRING
SELECT RESULT_TYPE("110");
RESULT_TYPE("110")
STRING
SELECT RESULT_TYPE(110);
RESULT_TYPE(110)
INTEGER
SELECT RESULT_TYPE(1.1);
RESULT_TYPE(1.1)
DECIMAL
