SELECT TYPEOF(NULL);
TYPEOF(NULL)
DRIZZLE_TYPE_NULL
SELECT TYPEOF(FALSE);
TYPEOF(FALSE)
DRIZZLE_TYPE_DOUBLE
SELECT TYPEOF(TRUE);
TYPEOF(TRUE)
DRIZZLE_TYPE_DOUBLE
SELECT TYPEOF("");
TYPEOF("")
DRIZZLE_TYPE_VARCHAR
SELECT TYPEOF("110");
TYPEOF("110")
DRIZZLE_TYPE_VARCHAR
SELECT TYPEOF(110);
TYPEOF(110)
DRIZZLE_TYPE_LONGLONG
SELECT TYPEOF(1.1);
TYPEOF(1.1)
DRIZZLE_TYPE_DECIMAL
CREATE TABLE t1 ( A INT, B VARCHAR(10), C DOUBLE);
INSERT INTO t1 VALUES ();
SELECT TYPEOF(A) FROM t1;
TYPEOF(A)
DRIZZLE_TYPE_LONG
SELECT TYPEOF(B) FROM t1;
TYPEOF(B)
DRIZZLE_TYPE_VARCHAR
SELECT TYPEOF(c) FROM t1;
TYPEOF(c)
DRIZZLE_TYPE_DOUBLE
DROP TABLE t1;
