SELECT MYSQL_PASSWORD("test");
MYSQL_PASSWORD("test")
94BDCEBE19083CE2A1F959FD02F964C7AF4CFC29
SELECT MYSQL_PASSWORD("This is a much longer test than the previous one.");
MYSQL_PASSWORD("This is a much longer test than the previous one.")
652D14F2155B64124B2EEA4C1CFFE4E638BB913D
SELECT MYSQL_PASSWORD();
ERROR 42000: Incorrect parameter count in the call to native function 'mysql_password'
SELECT MYSQL_PASSWORD('one', 'two', 'three');
ERROR 42000: Incorrect parameter count in the call to native function 'mysql_password'
