explain extended select rand(999999),rand();
id	select_type	table	type	possible_keys	key	key_len	ref	rows	filtered	Extra
1	SIMPLE	NULL	NULL	NULL	NULL	NULL	NULL	NULL	NULL	No tables used
Warnings:
Note	1003	select rand(999999) AS `rand(999999)`,rand() AS `rand()`
select rand(rand);
ERROR 42S22: Unknown column 'rand' in 'field list'
CREATE TABLE t1 (a INT);
INSERT INTO t1 VALUES (1),(1),(1),(2);
SELECT RAND(2) * 1000, RAND(a) * 1000 FROM t1;
RAND(2) * 1000	RAND(a) * 1000
655.586646549019	405.403537121977
122.346619258026	405.403537121977
644.97318737672	405.403537121977
857.826109843167	655.586646549019
SELECT RAND(2) * 1000, RAND(a) * 1000 FROM t1 WHERE a = 1;
RAND(2) * 1000	RAND(a) * 1000
655.586646549019	405.403537121977
122.346619258026	405.403537121977
644.97318737672	405.403537121977
INSERT INTO t1 VALUES (3);
SELECT RAND(2) * 1000, RAND(a) * 1000 FROM t1;
RAND(2) * 1000	RAND(a) * 1000
655.586646549019	405.403537121977
122.346619258026	405.403537121977
644.97318737672	405.403537121977
857.826109843167	655.586646549019
354.211017819318	905.76975597606
SELECT RAND(2) * 1000, RAND(a) * 1000 FROM t1 WHERE a = 1;
RAND(2) * 1000	RAND(a) * 1000
655.586646549019	405.403537121977
122.346619258026	405.403537121977
644.97318737672	405.403537121977
DROP TABLE t1;
