DROP TABLE IF EXISTS t1, t2;
CREATE TABLE t1 (id INTEGER, grp int, id_rev INTEGER);
SELECT COUNT(*) FROM t1;
COUNT(*)
13000
SELECT COUNT(DISTINCT id) FROM t1 GROUP BY grp;
DROP TABLE t1;
set @@read_buffer_size=default;
