SELECT DAYOFYEAR(NULL);
DAYOFYEAR(NULL)
NULL
SELECT DAYOFYEAR();
ERROR 42000: Incorrect parameter count in the call to native function 'DAYOFYEAR'
SELECT DAYOFYEAR(1, 0);
ERROR 42000: Incorrect parameter count in the call to native function 'DAYOFYEAR'
SELECT DAYOFYEAR("xxx");
ERROR HY000: Received an invalid datetime value 'xxx'.
SELECT DAYOFYEAR("0000-00-00");
ERROR HY000: Received an invalid datetime value '0000-00-00'.
SELECT DAYOFYEAR("0000-01-01");
ERROR HY000: Received an invalid datetime value '0000-01-01'.
SELECT DAYOFYEAR("0001-00-01");
ERROR HY000: Received an invalid datetime value '0001-00-01'.
SELECT DAYOFYEAR("0001-01-00");
ERROR HY000: Received an invalid datetime value '0001-01-00'.
SELECT DAYOFYEAR("2000-02-30");
ERROR HY000: Received an invalid datetime value '2000-02-30'.
SELECT DAYOFYEAR("1900-02-29");
ERROR HY000: Received an invalid datetime value '1900-02-29'.
SELECT DAYOFYEAR('1976-15-15');
ERROR HY000: Received an invalid datetime value '1976-15-15'.
SELECT DAYOFYEAR("2009-01-01");
DAYOFYEAR("2009-01-01")
1
SELECT DAYOFYEAR("2009-01-12");
DAYOFYEAR("2009-01-12")
12
SELECT DAYOFYEAR("70-12-31");
DAYOFYEAR("70-12-31")
365
SELECT DAYOFYEAR("00-12-31");
DAYOFYEAR("00-12-31")
366
SELECT DAYOFYEAR("0001-01-31");
DAYOFYEAR("0001-01-31")
31
SELECT DAYOFYEAR('07/31/2009');
DAYOFYEAR('07/31/2009')
212
SELECT DAYOFYEAR('20090916');
DAYOFYEAR('20090916')
259
SELECT DAYOFYEAR('20090916091528');
DAYOFYEAR('20090916091528')
259
SELECT DAYOFYEAR("20090916091528.000000");
DAYOFYEAR("20090916091528.000000")
259
SELECT DAYOFYEAR('09-09-16');
DAYOFYEAR('09-09-16')
259
SELECT DAYOFYEAR('09.09.16');
DAYOFYEAR('09.09.16')
259
SELECT DAYOFYEAR('09/09/16');
DAYOFYEAR('09/09/16')
259
SELECT DAYOFYEAR('09-09-16');
DAYOFYEAR('09-09-16')
259
SELECT DAYOFYEAR('09-9-2');
DAYOFYEAR('09-9-2')
245
SELECT DAYOFYEAR(20090916);
DAYOFYEAR(20090916)
259
SELECT DAYOFYEAR(20090916091528);
DAYOFYEAR(20090916091528)
259
SELECT DAYOFYEAR(20090916091528.000001);
DAYOFYEAR(20090916091528.000001)
259
USE test;
DROP TABLE IF EXISTS t1;
CREATE TABLE t1 (
int_fld INT NOT NULL
, date_fld DATE NOT NULL
, datetime_fld DATETIME NOT NULL
, timestamp_fld TIMESTAMP NOT NULL
, char_fld CHAR(22) NOT NULL
, varchar_fld VARCHAR(22) NOT NULL
, text_fld TEXT NOT NULL
, blob_fld BLOB NOT NULL
);
INSERT INTO t1 VALUES (
20071130
, "2007-11-30"
, "2007-11-30 16:30:19"
, "2007-11-30T16:30:19"
, "2007-11-30 16:30:19"
, "2007-11-30 16:30:19"
, "2007-11-30T16:30:19"
, "2007-11-30T16:30:19"
);
SELECT DAYOFYEAR(int_fld) FROM t1;
DAYOFYEAR(int_fld)
334
SELECT DAYOFYEAR(date_fld) FROM t1;
DAYOFYEAR(date_fld)
334
SELECT DAYOFYEAR(datetime_fld) FROM t1;
DAYOFYEAR(datetime_fld)
334
SELECT DAYOFYEAR(timestamp_fld) FROM t1;
DAYOFYEAR(timestamp_fld)
334
SELECT DAYOFYEAR(char_fld) FROM t1;
DAYOFYEAR(char_fld)
334
SELECT DAYOFYEAR(varchar_fld) FROM t1;
DAYOFYEAR(varchar_fld)
334
SELECT DAYOFYEAR(text_fld) FROM t1;
DAYOFYEAR(text_fld)
334
SELECT DAYOFYEAR(blob_fld) FROM t1;
DAYOFYEAR(blob_fld)
334
DROP TABLE t1;
