SELECT 1;
1
1
SELECT 1;
1
1
/* CON: 0 */ DROP SCHEMA IF EXISTS `drizzleslap`;
/* CON: 0 */ CREATE SCHEMA `drizzleslap`;
/* CON: 0 */ use drizzleslap;
/* CON: 0 */ CREATE TABLE t1 (id int, name varchar(64));
/* CON: 0 */ INSERT INTO t1 VALUES (1, 'This is a test');
/* CON: 1 */ select * from t1;
/* CON: 0 */ DROP SCHEMA IF EXISTS `drizzleslap`;
/* CON: 0 */ CREATE SCHEMA `drizzleslap`;
/* CON: 0 */ use drizzleslap;
/* CON: 0 */ CREATE TABLE t1 (id int, name varchar(64));
/* CON: 0 */ INSERT INTO t1 VALUES (1, 'This is a test');
/* CON: 2 */ select * from t1;
/* CON: 0 */ DROP SCHEMA IF EXISTS `drizzleslap`;
/* CON: 0 */ CREATE SCHEMA `drizzleslap`;
/* CON: 0 */ use drizzleslap;
/* CON: 0 */ CREATE TABLE t1 (id int, name varchar(64));
/* CON: 0 */ INSERT INTO t1 VALUES (1, 'This is a test');
/* CON: 3 */ select * from t1;
/* CON: 0 */ DROP SCHEMA IF EXISTS `drizzleslap`;
/* CON: 0 */ CREATE SCHEMA `drizzleslap`;
/* CON: 0 */ use drizzleslap;
/* CON: 0 */ CREATE TABLE t1 (id int, name varchar(64));
/* CON: 0 */ INSERT INTO t1 VALUES (1, 'This is a test');
/* CON: 4 */ select * from t1;
/* CON: 0 */ DROP SCHEMA IF EXISTS `drizzleslap`;
/* CON: 0 */ CREATE SCHEMA `drizzleslap`;
/* CON: 0 */ use drizzleslap;
/* CON: 0 */ CREATE TABLE t1 (id int, name varchar(64));
/* CON: 0 */ INSERT INTO t1 VALUES (1, 'This is a test');
/* CON: 5 */ select * from t1;
/* CON: 0 */ DROP SCHEMA IF EXISTS `drizzleslap`;
/* CON: 0 */ CREATE SCHEMA `drizzleslap`;
/* CON: 0 */ use drizzleslap;
/* CON: 0 */ CREATE TABLE t1 (id int, name varchar(64));
/* CON: 0 */ INSERT INTO t1 VALUES (1, 'This is a test');
/* CON: 6 */ select * from t1;
/* CON: 0 */ DROP SCHEMA IF EXISTS `drizzleslap`;
/* CON: 0 */ CREATE SCHEMA `drizzleslap`;
/* CON: 0 */ use drizzleslap;
/* CON: 0 */ CREATE TABLE t1 (id int, name varchar(64));
/* CON: 0 */ INSERT INTO t1 VALUES (1, 'This is a test');
/* CON: 7 */ select * from t1;
/* CON: 0 */ DROP SCHEMA IF EXISTS `drizzleslap`;
/* CON: 0 */ CREATE SCHEMA `drizzleslap`;
/* CON: 0 */ use drizzleslap;
/* CON: 0 */ CREATE TABLE t1 (id int, name varchar(64));
/* CON: 0 */ INSERT INTO t1 VALUES (1, 'This is a test');
/* CON: 8 */ select * from t1;
/* CON: 0 */ DROP SCHEMA IF EXISTS `drizzleslap`;
/* CON: 0 */ CREATE SCHEMA `drizzleslap`;
/* CON: 0 */ use drizzleslap;
/* CON: 0 */ CREATE TABLE t1 (id int, name varchar(64));
/* CON: 0 */ INSERT INTO t1 VALUES (1, 'This is a test');
/* CON: 9 */ select * from t1;
/* CON: 0 */ DROP SCHEMA IF EXISTS `drizzleslap`;
/* CON: 0 */ CREATE SCHEMA `drizzleslap`;
/* CON: 0 */ use drizzleslap;
/* CON: 0 */ CREATE TABLE t1 (id int, name varchar(64));
/* CON: 0 */ INSERT INTO t1 VALUES (1, 'This is a test');
/* CON: 10 */ select * from t1;
/* CON: 0 */ DROP SCHEMA IF EXISTS `drizzleslap`;
/* CON: 0 */ CREATE SCHEMA `drizzleslap`;
/* CON: 0 */ use drizzleslap;
/* CON: 0 */ CREATE TABLE t1 (id int, name varchar(64));
/* CON: 0 */ INSERT INTO t1 VALUES (1, 'This is a test');
/* CON: 11 */ select * from t1;
/* CON: 0 */ DROP SCHEMA IF EXISTS `drizzleslap`;
/* CON: 0 */ CREATE SCHEMA `drizzleslap`;
/* CON: 0 */ use drizzleslap;
/* CON: 0 */ CREATE TABLE t1 (id int, name varchar(64));
/* CON: 0 */ INSERT INTO t1 VALUES (1, 'This is a test');
/* CON: 12 */ select * from t1;
/* CON: 0 */ DROP SCHEMA IF EXISTS `drizzleslap`;
/* CON: 0 */ CREATE SCHEMA `drizzleslap`;
/* CON: 0 */ use drizzleslap;
/* CON: 0 */ CREATE TABLE t1 (id int, name varchar(64));
/* CON: 0 */ INSERT INTO t1 VALUES (1, 'This is a test');
/* CON: 13 */ select * from t1;
/* CON: 0 */ DROP SCHEMA IF EXISTS `drizzleslap`;
/* CON: 0 */ CREATE SCHEMA `drizzleslap`;
/* CON: 0 */ use drizzleslap;
/* CON: 0 */ CREATE TABLE t1 (id int, name varchar(64));
/* CON: 0 */ INSERT INTO t1 VALUES (1, 'This is a test');
/* CON: 14 */ select * from t1;
/* CON: 0 */ DROP SCHEMA IF EXISTS `drizzleslap`;
/* CON: 0 */ CREATE SCHEMA `drizzleslap`;
/* CON: 0 */ use drizzleslap;
/* CON: 0 */ CREATE TABLE t1 (id int, name varchar(64));
/* CON: 0 */ INSERT INTO t1 VALUES (1, 'This is a test');
/* CON: 15 */ select * from t1;
/* CON: 0 */ DROP SCHEMA IF EXISTS `drizzleslap`;
/* CON: 0 */ CREATE SCHEMA `drizzleslap`;
/* CON: 0 */ use drizzleslap;
/* CON: 0 */ CREATE TABLE t1 (id int, name varchar(64));
/* CON: 0 */ INSERT INTO t1 VALUES (1, 'This is a test');
/* CON: 16 */ select * from t1;
/* CON: 0 */ DROP SCHEMA IF EXISTS `drizzleslap`;
/* CON: 0 */ CREATE SCHEMA `drizzleslap`;
/* CON: 0 */ use drizzleslap;
/* CON: 0 */ CREATE TABLE t1 (id int, name varchar(64));
/* CON: 0 */ INSERT INTO t1 VALUES (1, 'This is a test');
/* CON: 17 */ select * from t1;
/* CON: 0 */ DROP SCHEMA IF EXISTS `drizzleslap`;
/* CON: 0 */ CREATE SCHEMA `drizzleslap`;
/* CON: 0 */ use drizzleslap;
/* CON: 0 */ CREATE TABLE t1 (id int, name varchar(64));
/* CON: 0 */ INSERT INTO t1 VALUES (1, 'This is a test');
/* CON: 18 */ select * from t1;
/* CON: 0 */ DROP SCHEMA IF EXISTS `drizzleslap`;
/* CON: 0 */ CREATE SCHEMA `drizzleslap`;
/* CON: 0 */ use drizzleslap;
/* CON: 0 */ CREATE TABLE t1 (id int, name varchar(64));
/* CON: 0 */ INSERT INTO t1 VALUES (1, 'This is a test');
/* CON: 19 */ select * from t1;
/* CON: 0 */ DROP SCHEMA IF EXISTS `drizzleslap`;
/* CON: 0 */ CREATE SCHEMA `drizzleslap`;
/* CON: 0 */ use drizzleslap;
/* CON: 0 */ CREATE TABLE t1 (id int, name varchar(64));
/* CON: 0 */ INSERT INTO t1 VALUES (1, 'This is a test');
/* CON: 20 */ select * from t1;
/* CON: 0 */ DROP SCHEMA IF EXISTS `drizzleslap`;
SELECT 1;
1
1
SELECT 1;
1
1
/* CON: 0 */ DROP SCHEMA IF EXISTS `drizzleslap`;
/* CON: 0 */ CREATE SCHEMA `drizzleslap`;
/* CON: 0 */ use drizzleslap;
/* CON: 0 */ set storage_engine=`MEMORY`;
/* CON: 0 */ CREATE TABLE t1 (id int, name varchar(64));
/* CON: 0 */ create table t2(foo1 varchar(32), foo2 varchar(32));
/* CON: 0 */ INSERT INTO t1 VALUES (1, 'This is a test');
/* CON: 0 */ insert into t2 values ('test', 'test2');
/* CON: 1 */ select * from t1;
/* CON: 1 */ select * from t2;
/* CON: 0 */ DROP SCHEMA IF EXISTS `drizzleslap`;
/* CON: 0 */ DROP SCHEMA IF EXISTS `drizzleslap`;
/* CON: 0 */ CREATE SCHEMA `drizzleslap`;
/* CON: 0 */ use drizzleslap;
/* CON: 0 */ set storage_engine=`myisam`;
/* CON: 0 */ CREATE TABLE t1 (id int, name varchar(64));
/* CON: 0 */ create table t2(foo1 varchar(32), foo2 varchar(32));
/* CON: 0 */ INSERT INTO t1 VALUES (1, 'This is a test');
/* CON: 0 */ insert into t2 values ('test', 'test2');
/* CON: 2 */ select * from t1;
/* CON: 2 */ select * from t2;
/* CON: 0 */ DROP SCHEMA IF EXISTS `drizzleslap`;
SELECT 1;
1
1
SELECT 1;
1
1
SELECT 1;
1
1
SELECT 1;
1
1
SELECT 1;
1
1
SELECT 1;
1
1
SELECT 1;
1
1
SELECT 1;
1
1
SELECT 1;
1
1
SELECT 1;
1
1
SELECT 1;
1
1
SELECT 1;
1
1
/* CON: 0 */ DROP SCHEMA IF EXISTS `drizzleslap`;
/* CON: 0 */ CREATE SCHEMA `drizzleslap`;
/* CON: 0 */ use drizzleslap;
/* CON: 0 */ set storage_engine=`MEMORY`;
/* CON: 0 */ CREATE TABLE t1 (id int, name varchar(64));
/* CON: 0 */ create table t2(foo1 varchar(32), foo2 varchar(32));
/* CON: 0 */ INSERT INTO t1 VALUES (1, 'This is a test');
/* CON: 0 */ insert into t2 values ('test', 'test2');
/* CON: 0 */ SHOW TABLES;
/* CON: 1 */ select * from t1;
/* CON: 1 */ select * from t2;
/* CON: 0 */ SHOW TABLES;
/* CON: 0 */ DROP SCHEMA IF EXISTS `drizzleslap`;
/* CON: 0 */ DROP SCHEMA IF EXISTS `drizzleslap`;
/* CON: 0 */ CREATE SCHEMA `drizzleslap`;
/* CON: 0 */ use drizzleslap;
/* CON: 0 */ set storage_engine=`myisam`;
/* CON: 0 */ CREATE TABLE t1 (id int, name varchar(64));
/* CON: 0 */ create table t2(foo1 varchar(32), foo2 varchar(32));
/* CON: 0 */ INSERT INTO t1 VALUES (1, 'This is a test');
/* CON: 0 */ insert into t2 values ('test', 'test2');
/* CON: 0 */ SHOW TABLES;
/* CON: 2 */ select * from t1;
/* CON: 2 */ select * from t2;
/* CON: 0 */ SHOW TABLES;
/* CON: 0 */ DROP SCHEMA IF EXISTS `drizzleslap`;
SELECT 1;
1
1
/* CON: 0 */ DROP SCHEMA IF EXISTS `drizzleslap`;
/* CON: 0 */ CREATE SCHEMA `drizzleslap`;
/* CON: 0 */ use drizzleslap;
/* CON: 0 */ set storage_engine=`MEMORY`;
/* CON: 0 */ CREATE TABLE t1 (id int, name varchar(64));
/* CON: 0 */ create table t2(foo1 varchar(32), foo2 varchar(32));
/* CON: 0 */ INSERT INTO t1 VALUES (1, 'This is a test');
/* CON: 0 */ insert into t2 values ('test', 'test2');
/* CON: 0 */ SHOW TABLES;
/* CON: 1 */ SET AUTOCOMMIT=0;
/* CON: 1 */ select * from t1;
/* CON: 1 */ COMMIT;
/* CON: 1 */ select * from t2;
/* CON: 1 */ COMMIT;
/* CON: 1 */ select * from t1;
/* CON: 1 */ COMMIT;
/* CON: 1 */ select * from t2;
/* CON: 1 */ COMMIT;
/* CON: 1 */ select * from t1;
/* CON: 1 */ COMMIT;
/* CON: 1 */ select * from t2;
/* CON: 1 */ COMMIT;
/* CON: 1 */ COMMIT;
/* CON: 0 */ SHOW TABLES;
/* CON: 0 */ DROP SCHEMA IF EXISTS `drizzleslap`;
/* CON: 0 */ DROP SCHEMA IF EXISTS `drizzleslap`;
/* CON: 0 */ CREATE SCHEMA `drizzleslap`;
/* CON: 0 */ use drizzleslap;
/* CON: 0 */ set storage_engine=`myisam`;
/* CON: 0 */ CREATE TABLE t1 (id int, name varchar(64));
/* CON: 0 */ create table t2(foo1 varchar(32), foo2 varchar(32));
/* CON: 0 */ INSERT INTO t1 VALUES (1, 'This is a test');
/* CON: 0 */ insert into t2 values ('test', 'test2');
/* CON: 0 */ SHOW TABLES;
/* CON: 2 */ SET AUTOCOMMIT=0;
/* CON: 2 */ select * from t1;
/* CON: 2 */ COMMIT;
/* CON: 2 */ select * from t2;
/* CON: 2 */ COMMIT;
/* CON: 2 */ select * from t1;
/* CON: 2 */ COMMIT;
/* CON: 2 */ select * from t2;
/* CON: 2 */ COMMIT;
/* CON: 2 */ select * from t1;
/* CON: 2 */ COMMIT;
/* CON: 2 */ select * from t2;
/* CON: 2 */ COMMIT;
/* CON: 2 */ COMMIT;
/* CON: 0 */ SHOW TABLES;
/* CON: 0 */ DROP SCHEMA IF EXISTS `drizzleslap`;
SELECT 1;
1
1
SELECT 1;
1
1
SELECT 1;
1
1
SELECT 1;
1
1
SELECT 1;
1
1
SELECT 1;
1
1
SELECT 1;
1
1
SELECT 1;
1
1
SELECT 1;
1
1
SELECT 1;
1
1
CREATE SCHEMA drizzleslap;
CREATE TABLE drizzleslap.t1 (id int, name varchar(64));
SELECT count(*) from drizzleslap.t1;
count(*)
20
drop table drizzleslap.t1;
drop schema drizzleslap;
