# Pre-test cleanup
DROP TABLE IF EXISTS t1;
# Begin tests
#
# Bug#2005 Long decimal comparison bug.
#
CREATE TABLE t1 (a DECIMAL(64, 20));
INSERT INTO t1 VALUES ("1234567890123456789012345678901234567890"),
("0987654321098765432109876543210987654321");
# Begin testing drizzledump output + restore
# Create 'original table name - <table>_orig
SET @orig_table_name = CONCAT('test.t1', '_orig');
# Rename original table
ALTER TABLE test.t1 RENAME to test.t1_orig;
# Recreate table from drizzledump output
# Compare original and recreated tables
# Recreated table: test.t1
# Original table: test.t1_orig
Comparing tables test.t1 and test.t1_orig
# Cleanup
DROP TABLE test.t1, test.t1_orig;
#
# Bug#3361 mysqldump quotes DECIMAL values inconsistently
#
CREATE TABLE t1 (a DECIMAL(10,5), b FLOAT);
INSERT INTO t1 VALUES (1.2345, 2.3456);
INSERT INTO t1 VALUES ('1.2345', 2.3456);
INSERT INTO t1 VALUES ("1.2345", 2.3456);
INSERT INTO t1 VALUES (1.2345, 2.3456);
INSERT INTO t1 VALUES ('1.2345', 2.3456);
INSERT INTO t1 VALUES ("1.2345", 2.3456);
# Begin testing drizzledump output + restore
# Create 'original table name - <table>_orig
SET @orig_table_name = CONCAT('test.t1', '_orig');
# Rename original table
ALTER TABLE test.t1 RENAME to test.t1_orig;
# Recreate table from drizzledump output
# Compare original and recreated tables
# Recreated table: test.t1
# Original table: test.t1_orig
Comparing tables test.t1 and test.t1_orig
# Cleanup
DROP TABLE test.t1, test.t1_orig;
#
# WL#2319 Exclude Tables from dump
#
CREATE TABLE t1 (a INT);
CREATE TABLE t2 (a INT);
INSERT INTO t1 VALUES (1),(2),(3);
INSERT INTO t2 VALUES (4),(5),(6);
# Begin testing drizzledump output + restore
# Create 'original table name - <table>_orig
SET @orig_table_name = CONCAT('test.t2', '_orig');
# Rename original table
ALTER TABLE test.t2 RENAME to test.t2_orig;
# Recreate table from drizzledump output
# Compare original and recreated tables
# Recreated table: test.t2
# Original table: test.t2_orig
Comparing tables test.t2 and test.t2_orig
# Cleanup
DROP TABLE test.t2, test.t2_orig;
DROP TABLE t1;
#
# Bug#8830 mysqldump --skip-extended-insert causes --hex-blob to dump wrong values
#
CREATE TABLE t1 (`b` blob);
INSERT INTO `t1` VALUES (0x602010000280100005E71A);
# Begin testing drizzledump output + restore
# Create 'original table name - <table>_orig
SET @orig_table_name = CONCAT('test.t1', '_orig');
# Rename original table
ALTER TABLE test.t1 RENAME to test.t1_orig;
# Recreate table from drizzledump output
# Compare original and recreated tables
# Recreated table: test.t1
# Original table: test.t1_orig
Comparing tables test.t1 and test.t1_orig
# Cleanup
DROP TABLE test.t1, test.t1_orig;
#
# Bug#550091 in Drizzle: "drizzledump dumps data_dictionary"
#
CREATE TABLE t1 (a char(100), b int);
INSERT INTO t1 values ('a',100);
INSERT INTO t1 values ('b',200);
CREATE SCHEMA drizzledump_test;
USE drizzledump_test;
CREATE TABLE t1 (a int, b char(100));
INSERT INTO t1 VALUES (1, 'abbazabba');
DROP original schemas
DROP DATABASE test;
DROP DATABASE drizzledump_test;
Ensure we don't have those tables (verify we restored something)
SELECT * FROM test.t1;
Got one of the listed errors
SELECT * FROM drizzledump_test.t1;
Got one of the listed errors
Restoring from dumpfile
USE test;
SELECT * FROM t1;
a	b
a	100
b	200
SELECT * FROM drizzledump_test.t1;
a	b
1	abbazabba
Cleanup
DROP DATABASE drizzledump_test;
DROP TABLE t1;
# End tests
# Cleanup
# remove drizzledumpfile
