CREATE TABLE t1 (a int primary key auto_increment);
insert into t1 values (),(),(),(),(),(),(),(),(),();
insert into t1 values (),(),(),(),(),(),(),(),(),();
SELECT a FROM t1 ORDER BY a LIMIT 10 OFFSET 1;
a
2
3
4
5
6
7
8
9
10
11
SELECT a FROM t1 ORDER BY a LIMIT 10 OFFSET 10;
a
11
12
13
14
15
16
17
18
19
20
SELECT a FROM t1 ORDER BY a LIMIT 2 OFFSET 14;
a
15
16
DROP TABLE t1;
