drop table if exists t1,t2;
CREATE TABLE `t1` (
`id` int NOT NULL default '0',
`id2` int NOT NULL default '0',
`id3` int NOT NULL default '0');
create table t2 select id2 from t1 order by id3;
select count(*) from t2;
count(*)
4000
drop table t1,t2;
