DROP TABLE IF EXISTS t1;
CREATE TABLE t1 (
a varchar(32) collate utf8_bin NOT NULL,
b varchar(32) collate utf8_bin NOT NULL );
INSERT INTO t1 VALUES
('AAAAAAAAAA','AAAAAAAAAA'), ('AAAAAAAAAB','AAAAAAAAAB '),
('AAAAAAAAAB','AAAAAAAAAB'), ('AAAAAAAAAC','AAAAAAAAAC'),
('AAAAAAAAAD','AAAAAAAAAD'), ('AAAAAAAAAE','AAAAAAAAAE'),
('AAAAAAAAAF','AAAAAAAAAF'), ('AAAAAAAAAG','AAAAAAAAAG'),
('AAAAAAAAAH','AAAAAAAAAH'), ('AAAAAAAAAI','AAAAAAAAAI'),
('AAAAAAAAAJ','AAAAAAAAAJ'), ('AAAAAAAAAK','AAAAAAAAAK');
set tmp_table_size=1024;
SELECT MAX(a) FROM t1 GROUP BY a,b;
ERROR HY000: Temporary table too large, rerun with SQL_BIG_RESULT.
SELECT SQL_BIG_RESULT MAX(a) FROM t1 GROUP BY a,b;
MAX(a)
AAAAAAAAAA
AAAAAAAAAB
AAAAAAAAAC
AAAAAAAAAD
AAAAAAAAAE
AAAAAAAAAF
AAAAAAAAAG
AAAAAAAAAH
AAAAAAAAAI
AAAAAAAAAJ
AAAAAAAAAK
set tmp_table_size=default;
DROP TABLE t1;
