CREATE SCHEMA admin;
CREATE SCHEMA temporary;
SELECT SCHEMA();
SCHEMA()
test
CREATE SCHEMA .admin;
Got one of the listed errors
CREATE SCHEMA `.admin `;
ERROR 42000: Incorrect schema name '.admin '
CREATE SCHEMA `.admin`;
ERROR 42000: Incorrect schema name '.admin'
CREATE SCHEMA #admin;
ERROR 42000: You have an error in your SQL syntax; check the manual that corresponds to your Drizzle server version for the right syntax to use near '' at line 1
CREATE SCHEMA `#admin`;
DROP SCHEMA `#admin`;
SELECT TABLE_NAME FROM DATA_DICTIONARY.TABLES WHERE TABLE_SCHEMA=SCHEMA();
TABLE_NAME
CREATE DATABASE aaaaaaaaaaaaaaaaaaaaaaaaaaaaaaaaaaaaaaaaaaaaaaaaaaaaaaaaaaaaaaaaaaaaaaaaaaaaaaaaaaaaaaaaaaaaaaaaaaaa;
ERROR 42000: Incorrect schema name 'aaaaaaaaaaaaaaaaaaaaaaaaaaaaaaaaaaaaaaaaaaaaaaaaaaaaaaaaaaaaaaaaaaaaaaaaaaaaaaaaaaaaaaaaaaaaaaaaaaaa'
DROP SCHEMA admin;
DROP SCHEMA temporary;
