SELECT ROT13("hello world");
ROT13("hello world")
uryyb jbeyq
SELECT ROT13();
ERROR 42000: Incorrect parameter count in the call to native function 'rot13'
SELECT ROT13('foo','bar','zoo');
ERROR 42000: Incorrect parameter count in the call to native function 'rot13'
SELECT ROT13('');
ROT13('')

SELECT ROT13("UPPERCASE works 2");
ROT13("UPPERCASE works 2")
HCCREPNFR jbexf 2
SELECT ROT13(ROT13("hello world"));
ROT13(ROT13("hello world"))
hello world
