SELECT COUNT(ERROR_NAME) FROM DATA_DICTIONARY.ERRORS;
COUNT(ERROR_NAME)
#
CREATE TABLE error_names SELECT ERROR_NAME FROM DATA_DICTIONARY.ERRORS;
SELECT COUNT(*) FROM error_names;
COUNT(*)
#
DROP TABLE error_names;
