#
# Bug#55580: segfault in read_view_sees_trx_id
#
CREATE TABLE t1 (a INT) ENGINE=Innodb;
CREATE TABLE t2 (a INT) ENGINE=Innodb;
INSERT INTO t1 VALUES (1),(2);
INSERT INTO t2 VALUES (1),(2);
START TRANSACTION;
SELECT * FROM t2 LOCK IN SHARE MODE;
a
1
2
START TRANSACTION;
SELECT * FROM t1 LOCK IN SHARE MODE;
a
1
2
SELECT * FROM t1 FOR UPDATE;
# should not crash
SELECT * FROM t1 GROUP BY (SELECT a FROM t2 LIMIT 1 FOR UPDATE) + t1.a;
ERROR 40001: Deadlock found when trying to get lock; try restarting transaction
DROP TABLE t1,t2;
