SET SESSION STORAGE_ENGINE = InnoDB;
drop table if exists t1;
create table t1 (id int not null auto_increment primary key, a text, b text);
start transaction;
load data infile 'DRIZZLETEST_VARDIR/std_data_ln/loaddata2.dat' into table t1 fields terminated by ',' enclosed by '''' (a, b);
commit;
select count(*) from t1;
count(*)
3
truncate table t1;
start transaction;
load data infile 'DRIZZLETEST_VARDIR/std_data_ln/loaddata2.dat' into table t1 fields terminated by ',' enclosed by '''' (a, b);
rollback;
select count(*) from t1;
count(*)
0
drop table t1;
