create table t1 (a int primary key);
insert into t1 values (1),(2),(3),(4),(100),(200);
explain select * from t1 order by a;
id	select_type	table	type	possible_keys	key	key_len	ref	rows	Extra
1	SIMPLE	t1	index	NULL	PRIMARY	4	NULL	#	Using index
select * from t1 order by a;
a
1
2
3
4
100
200
explain select * from t1 where a>4;
id	select_type	table	type	possible_keys	key	key_len	ref	rows	Extra
1	SIMPLE	t1	index	PRIMARY	PRIMARY	4	NULL	#	Using where; Using index
select * from t1 where a>4;
a
100
200
explain select * from t1 where a<4;
id	select_type	table	type	possible_keys	key	key_len	ref	rows	Extra
1	SIMPLE	t1	index	PRIMARY	PRIMARY	4	NULL	#	Using where; Using index
select * from t1 where a<4;
a
1
2
3
explain select * from t1 where a=4;
id	select_type	table	type	possible_keys	key	key_len	ref	rows	Extra
1	SIMPLE	t1	const	PRIMARY	PRIMARY	4	const	#	Using index
select * from t1 where a=4;
a
4
drop table t1;
create table t1 (a int primary key, b varchar(100));
insert into t1 values (1, "hello"), (2, "world"), (3, "Beaker"), (4, "Cricket");
EXPLAIN SELECT b FROM t1 WHERE a=1;
id	select_type	table	type	possible_keys	key	key_len	ref	rows	Extra
1	SIMPLE	t1	const	PRIMARY	PRIMARY	4	const	#	
SELECT b FROM t1 WHERE a=1;
b
hello
EXPLAIN SELECT b FROM t1 WHERE a=2;
id	select_type	table	type	possible_keys	key	key_len	ref	rows	Extra
1	SIMPLE	t1	const	PRIMARY	PRIMARY	4	const	#	
SELECT b FROM t1 WHERE a=2;
b
world
EXPLAIN SELECT b FROM t1 WHERE a=3;
id	select_type	table	type	possible_keys	key	key_len	ref	rows	Extra
1	SIMPLE	t1	const	PRIMARY	PRIMARY	4	const	#	
SELECT b FROM t1 WHERE a=3;
b
Beaker
EXPLAIN SELECT b FROM t1 WHERE a=4;
id	select_type	table	type	possible_keys	key	key_len	ref	rows	Extra
1	SIMPLE	t1	const	PRIMARY	PRIMARY	4	const	#	
SELECT b FROM t1 WHERE a=4;
b
Cricket
DROP TABLE t1;
