CREATE TABLE t1 (a int primary key);
insert into t1 values (1),(2);
explain select * from t1;
id	select_type	table	type	possible_keys	key	key_len	ref	rows	Extra
1	SIMPLE	t1	index	NULL	PRIMARY	4	NULL	#	Using index
select * from t1;
a
1
2
DROP TABLE t1;
