CREATE TABLE t1 (a int PRIMARY KEY);
insert into t1 values (1),(2),(3),(4);
SELECT * FROM t1;
a
1
2
3
4
TRUNCATE TABLE t1;
SELECT * FROM t1;
a
DROP TABLE t1;
