create table t1 (a int auto_increment primary key, b int, c timestamp);
insert into t1 (a, b, c) values (1, 0, '2001-01-01 01:01:01'),
(2, 0, '2002-02-02 02:02:02'), (3, 0, '2003-03-03 03:03:03');
insert into t1 (a) values (3), (5) on duplicate key update b = 3, c = c;
select * from t1;
a	b	c
1	0	2001-01-01 01:01:01
2	0	2002-02-02 02:02:02
3	3	2003-03-03 03:03:03
5	NULL	NULL
insert into t1 (a, c) values (4, '2004-04-04 00:00:00'),
(6, '2006-06-06 06:06:06') on duplicate key update b = 4;
select * from t1;
a	b	c
1	0	2001-01-01 01:01:01
2	0	2002-02-02 02:02:02
3	3	2003-03-03 03:03:03
4	NULL	2004-04-04 00:00:00
5	NULL	NULL
6	NULL	2006-06-06 06:06:06
drop table t1;
