create table t1 (a int primary key);
insert into t1 values (4);
select * from t1;
a
4
begin;
insert into t1 values (5);
insert into t1 values (1),(2),(3),(4);
Got one of the listed errors
commit;
select * from t1;
a
4
5
drop table t1;
