create table t1 (a int primary key);
insert into t1 values (1),(2),(3);
explain select * from t1 order by a desc;
id	select_type	table	type	possible_keys	key	key_len	ref	rows	Extra
1	SIMPLE	t1	index	NULL	PRIMARY	4	NULL	#	Using index
select * from t1 order by a desc;
a
3
2
1
drop table t1;
