create table t1 (a int primary key, b varchar(100) unique);
insert into t1 values (2,"Beaker"),(3,"Cricket"), (1,"Shirty");
EXPLAIN SELECT * FROM t1;
id	select_type	table	type	possible_keys	key	key_len	ref	rows	Extra
1	SIMPLE	t1	ALL	NULL	NULL	NULL	NULL	#	
SELECT * FROM t1;
a	b
1	Shirty
2	Beaker
3	Cricket
EXPLAIN SELECT a FROM t1 FORCE INDEX (PRIMARY) WHERE b="Beaker";
id	select_type	table	type	possible_keys	key	key_len	ref	rows	Extra
1	SIMPLE	t1	ALL	NULL	NULL	NULL	NULL	#	Using where
SELECT a FROM t1 FORCE INDEX (PRIMARY) WHERE b="Beaker";
a
2
drop table t1;
