create table t1 (a int primary key, b int, index bindex(b));
insert into t1 values (1,2),(2,2),(3,NULL),(4,NULL);
explain select * from t1 force index (bindex) where b is NULL;
id	select_type	table	type	possible_keys	key	key_len	ref	rows	Extra
1	SIMPLE	t1	ref	bindex	bindex	5	const	#	Using where
select * from t1 force index (bindex) where b is NULL;
a	b
3	NULL
4	NULL
drop table t1;
