create table t1 (a int, b int primary key);
insert into t1 values (NULL, 1);
select a from t1;
a
NULL
drop table t1;
create table t2 (a varchar(100), b int primary key);
insert into t2 values (NULL, 1);
select a from t2;
a
NULL
drop table t2;
