drop table if exists t0,t1,t2,t3,t4;
drop table if exists t0,t5,t6,t7,t8,t9,t1_1,t1_2,t9_1,t9_2;
create table t0 (a int primary key, b varchar(20)) AS SELECT 1 as a,"table 1" as b;
create table t2 (a int primary key, b varchar(20)) as SELECT 2 as a,"table 2" as b;
create table t3 (a int primary key, b varchar(20)) AS SELECT 3 as a,"table 3" as b;
rename table t0 to t1;
rename table t3 to t4, t2 to t3, t1 to t2, t4 to t1;
select * from t1;
a	b
3	table 3
rename table t3 to t4, t2 to t3, t1 to t2, t4 to t1;
rename table t3 to t4, t2 to t3, t1 to t2, t4 to t1;
select * from t1;
a	b
1	table 1
rename table t1 to t2;
Got one of the listed errors
rename table t1 to t1;
Got one of the listed errors
rename table t3 to t4, t2 to t3, t1 to t2, t4 to t2;
Got one of the listed errors
show tables like "t_";
Tables_in_test (t_)
t1
t2
t3
rename table t3 to t1, t2 to t3, t1 to t2, t4 to t1;
Got one of the listed errors
rename table t3 to t4, t5 to t3, t1 to t2, t4 to t1;
ERROR 42S02: Unknown table 'test.t5'
select * from t1;
a	b
1	table 1
select * from t2;
a	b
2	table 2
select * from t3;
a	b
3	table 3
drop table if exists t1,t2,t3,t4;
Warnings:
Note	1051	Unknown table 't4'
