CREATE TABLE t1 (a int);
SET SESSION TRANSACTION ISOLATION LEVEL READ UNCOMMITTED;
BEGIN;
INSERT INTO t1 values (1);
SET SESSION TRANSACTION ISOLATION LEVEL READ UNCOMMITTED;
BEGIN;
SELECT * from t1 order by a;
a
1
INSERT INTO t1 values (2);
SELECT * from t1 order by a;
a
1
2
COMMIT;
BEGIN;
SELECT * FROM t1 order by a;
a
1
2
COMMIT;
SELECT * from t1 order by a;
a
1
2
COMMIT;
BEGIN;
SELECT * from t1 order by a;
a
1
2
COMMIT;
DROP TABLE t1;
