create table t1 (a blob);
insert into t1 values ('a'),('aa'),('aaa');
select length(a) from t1;
length(a)
1
2
3
drop table t1;
create table t1 (pk int auto_increment primary key, a blob);
insert into t1 (a) values ('ccc'),('bb'),('a');
select pk,length(a) from t1 order by length(a);
pk	length(a)
3	1
2	2
1	3
SELECT haildb_datadict_dump();
haildb_datadict_dump()
HailDB Data Dictionary Contents
-------------------------------
SYS_FOREIGN Format: REDUNDANT Page size: 0 Columns: 7 Indexes: 3
  COL: ID
  COL: FOR_NAME
  COL: REF_NAME
  COL: N_COLS
  COL: DB_ROW_ID
  COL: DB_TRX_ID
  COL: DB_ROLL_PTR
  IDX: ID_IND
    IDXCOL: ID
  IDX: FOR_IND
    IDXCOL: FOR_NAME
  IDX: REF_IND
    IDXCOL: REF_NAME
SYS_FOREIGN_COLS Format: REDUNDANT Page size: 0 Columns: 7 Indexes: 1
  COL: ID
  COL: POS
  COL: FOR_COL_NAME
  COL: REF_COL_NAME
  COL: DB_ROW_ID
  COL: DB_TRX_ID
  COL: DB_ROLL_PTR
  IDX: ID_IND
    IDXCOL: ID
    IDXCOL: POS
data_dictionary/haildb_table_definitions Format: COMPACT Page size: 0 Columns: 5 Indexes: 1
  COL: table_name
  COL: message
  COL: DB_ROW_ID
  COL: DB_TRX_ID
  COL: DB_ROLL_PTR
  IDX: PRIMARY_KEY
    IDXCOL: table_name
test/t1 Format: COMPACT Page size: 0 Columns: 5 Indexes: 1
  COL: pk
  COL: a
  COL: DB_ROW_ID
  COL: DB_TRX_ID
  COL: DB_ROLL_PTR
  IDX: PRIMARY
    IDXCOL: pk

drop table t1;
create table t1 (a blob);
insert into t1 values ('aaa'),('aa'),('a');
select length(a) from t1 order by length(a);
length(a)
1
2
3
drop table t1;
