CREATE TABLE t1 (a blob);
INSERT INTO t1 VALUES (repeat('foo',100)),(repeat('bar',100));
INSERT INTO t1 VALUES (repeat('foo',100)),(repeat('bar',100));
INSERT INTO t1 VALUES (repeat('foo',100)),(repeat('bar',100));
INSERT INTO t1 VALUES (repeat('foo',100)),(repeat('bar',100));
INSERT INTO t1 VALUES ("fourty two");
select * from t1;
a
foofoofoofoofoofoofoofoofoofoofoofoofoofoofoofoofoofoofoofoofoofoofoofoofoofoofoofoofoofoofoofoofoofoofoofoofoofoofoofoofoofoofoofoofoofoofoofoofoofoofoofoofoofoofoofoofoofoofoofoofoofoofoofoofoofoofoofoofoofoofoofoofoofoofoofoofoofoofoofoofoofoofoofoofoofoofoofoofoofoofoofoofoofoofoofoofoofoofoofoo
barbarbarbarbarbarbarbarbarbarbarbarbarbarbarbarbarbarbarbarbarbarbarbarbarbarbarbarbarbarbarbarbarbarbarbarbarbarbarbarbarbarbarbarbarbarbarbarbarbarbarbarbarbarbarbarbarbarbarbarbarbarbarbarbarbarbarbarbarbarbarbarbarbarbarbarbarbarbarbarbarbarbarbarbarbarbarbarbarbarbarbarbarbarbarbarbarbarbarbar
foofoofoofoofoofoofoofoofoofoofoofoofoofoofoofoofoofoofoofoofoofoofoofoofoofoofoofoofoofoofoofoofoofoofoofoofoofoofoofoofoofoofoofoofoofoofoofoofoofoofoofoofoofoofoofoofoofoofoofoofoofoofoofoofoofoofoofoofoofoofoofoofoofoofoofoofoofoofoofoofoofoofoofoofoofoofoofoofoofoofoofoofoofoofoofoofoofoofoofoo
barbarbarbarbarbarbarbarbarbarbarbarbarbarbarbarbarbarbarbarbarbarbarbarbarbarbarbarbarbarbarbarbarbarbarbarbarbarbarbarbarbarbarbarbarbarbarbarbarbarbarbarbarbarbarbarbarbarbarbarbarbarbarbarbarbarbarbarbarbarbarbarbarbarbarbarbarbarbarbarbarbarbarbarbarbarbarbarbarbarbarbarbarbarbarbarbarbarbarbar
foofoofoofoofoofoofoofoofoofoofoofoofoofoofoofoofoofoofoofoofoofoofoofoofoofoofoofoofoofoofoofoofoofoofoofoofoofoofoofoofoofoofoofoofoofoofoofoofoofoofoofoofoofoofoofoofoofoofoofoofoofoofoofoofoofoofoofoofoofoofoofoofoofoofoofoofoofoofoofoofoofoofoofoofoofoofoofoofoofoofoofoofoofoofoofoofoofoofoofoo
barbarbarbarbarbarbarbarbarbarbarbarbarbarbarbarbarbarbarbarbarbarbarbarbarbarbarbarbarbarbarbarbarbarbarbarbarbarbarbarbarbarbarbarbarbarbarbarbarbarbarbarbarbarbarbarbarbarbarbarbarbarbarbarbarbarbarbarbarbarbarbarbarbarbarbarbarbarbarbarbarbarbarbarbarbarbarbarbarbarbarbarbarbarbarbarbarbarbarbar
foofoofoofoofoofoofoofoofoofoofoofoofoofoofoofoofoofoofoofoofoofoofoofoofoofoofoofoofoofoofoofoofoofoofoofoofoofoofoofoofoofoofoofoofoofoofoofoofoofoofoofoofoofoofoofoofoofoofoofoofoofoofoofoofoofoofoofoofoofoofoofoofoofoofoofoofoofoofoofoofoofoofoofoofoofoofoofoofoofoofoofoofoofoofoofoofoofoofoofoo
barbarbarbarbarbarbarbarbarbarbarbarbarbarbarbarbarbarbarbarbarbarbarbarbarbarbarbarbarbarbarbarbarbarbarbarbarbarbarbarbarbarbarbarbarbarbarbarbarbarbarbarbarbarbarbarbarbarbarbarbarbarbarbarbarbarbarbarbarbarbarbarbarbarbarbarbarbarbarbarbarbarbarbarbarbarbarbarbarbarbarbarbarbarbarbarbarbarbarbar
fourty two
select length(a) from t1;
length(a)
300
300
300
300
300
300
300
300
10
select distinct crc32(a) as crc, crc32(repeat('foo',100)), crc32(repeat('bar',100)), crc32('fourty two') from t1 order by crc;
crc	crc32(repeat('foo',100))	crc32(repeat('bar',100))	crc32('fourty two')
153501153	1048246569	2187444603	153501153
1048246569	1048246569	2187444603	153501153
2187444603	1048246569	2187444603	153501153
drop table t1;
