CREATE TABLE t1 (    
_value decimal(20,6)
);
INSERT INTO t1 VALUES ("20030101000000.90000"), ("20030101000000.00000"), ("20030101000000.123456") ;
SELECT _value FROM t1;
_value
20030101000000.000000
20030101000000.123456
20030101000000.900000
CREATE TABLE t2 (
_value TIMESTAMP(6)
);
INSERT INTO t2 SELECT _value from t1;
SELECT _value FROM t2;
_value
2003-01-01 00:00:00.000000
2003-01-01 00:00:00.125000
2003-01-01 00:00:00.898437
DROP TABLE t1,t2;
