drop table if exists t1;
create table t1 (a varchar(10), key(a));
insert into t1 values ("a"),("abc"),("abcd"),("hello"),("test");
explain extended select * from t1 where a like 'abc%';
id	select_type	table	type	possible_keys	key	key_len	ref	rows	filtered	Extra
1	SIMPLE	t1	ALL	a	NULL	NULL	NULL	5	100.00	Using where
Warnings:
Note	1003	select `test`.`t1`.`a` AS `a` from `test`.`t1` where (`test`.`t1`.`a` like 'abc%')
explain extended select * from t1 where a like concat('abc','%');
id	select_type	table	type	possible_keys	key	key_len	ref	rows	filtered	Extra
1	SIMPLE	t1	ALL	a	NULL	NULL	NULL	5	100.00	Using where
Warnings:
Note	1003	select `test`.`t1`.`a` AS `a` from `test`.`t1` where (`test`.`t1`.`a` like <cache>(concat('abc','%')))
select * from t1 where a like "abc%";
a
abc
abcd
select * from t1 where a like concat("abc","%");
a
abc
abcd
select * from t1 where a like "ABC%";
a
abc
abcd
select * from t1 where a like "test%";
a
test
select * from t1 where a like "te_t";
a
test
select * from t1 where a like "%a%";
a
a
abc
abcd
select * from t1 where a like "%abcd%";
a
abcd
select * from t1 where a like "%abc\d%";
a
abcd
drop table t1;
create table t1 (a varchar(10), key(a));
insert into t1 values ('a'), ('a\\b');
select * from t1 where a like 'a\\%' escape '#';
a
a\b
select * from t1 where a like 'a\\%' escape '#' and a like 'a\\\\b';
a
a\b
drop table t1;
create table t1 (a datetime);
insert into t1 values ('2004-03-11 12:00:21');
select * from t1 where a like '2004-03-11 12:00:21';
a
2004-03-11 12:00:21
drop table t1;
