flush status;
drop table if exists t1;
select 1;
1
1
show status like 'last_query_cost';
Variable_name	Value
Last_query_cost	#
create temporary table t1 (a int) engine=myisam;
insert into t1 values (1),(2),(3),(4),(5),(6),(7),(8),(9),(10);
insert into t1 values (1),(2),(3),(4),(5),(6),(7),(8),(9),(10);
insert into t1 values (1),(2),(3),(4),(5),(6),(7),(8),(9),(10);
insert into t1 values (1),(2),(3),(4),(5),(6),(7),(8),(9),(10);
insert into t1 values (1),(2),(3),(4),(5),(6),(7),(8),(9),(10);
select * from t1 where a=6;
a
6
6
6
6
6
show status like 'last_query_cost';
Variable_name	Value
Last_query_cost	#
show status like 'last_query_cost';
Variable_name	Value
Last_query_cost	#
select 1;
1
1
show status like 'last_query_cost';
Variable_name	Value
Last_query_cost	#
drop table t1;
FLUSH STATUS;
SHOW STATUS LIKE 'max_used_connections';
Variable_name	Value
Max_used_connections	1
SELECT * FROM data_dictionary.SESSION_STATUS WHERE VARIABLE_NAME LIKE 'max_used_connections';
VARIABLE_NAME	VARIABLE_VALUE
Max_used_connections	1
SHOW STATUS LIKE 'max_used_connections';
Variable_name	Value
Max_used_connections	3
SELECT * FROM data_dictionary.SESSION_STATUS WHERE VARIABLE_NAME LIKE 'max_used_connections';
VARIABLE_NAME	VARIABLE_VALUE
Max_used_connections	3
CREATE TABLE t1 ( a INT );
INSERT INTO t1 VALUES (1), (2);
SELECT a FROM t1 LIMIT 1;
a
1
SHOW SESSION STATUS LIKE 'Last_query_cost';
Variable_name	Value
Last_query_cost	2.45163
EXPLAIN SELECT a FROM t1;
id	select_type	table	type	possible_keys	key	key_len	ref	rows	Extra
1	SIMPLE	t1	ALL	NULL	NULL	NULL	NULL	#	
SHOW SESSION STATUS LIKE 'Last_query_cost';
Variable_name	Value
Last_query_cost	2.45163
SELECT a FROM t1 UNION SELECT a FROM t1 ORDER BY a;
a
1
2
SHOW SESSION STATUS LIKE 'Last_query_cost';
Variable_name	Value
Last_query_cost	0
EXPLAIN SELECT a FROM t1 UNION SELECT a FROM t1 ORDER BY a;
id	select_type	table	type	possible_keys	key	key_len	ref	rows	Extra
1	PRIMARY	t1	ALL	NULL	NULL	NULL	NULL	#	
2	UNION	t1	ALL	NULL	NULL	NULL	NULL	#	
NULL	UNION RESULT	<union1,2>	ALL	NULL	NULL	NULL	NULL	#	Using filesort
SHOW SESSION STATUS LIKE 'Last_query_cost';
Variable_name	Value
Last_query_cost	0
SELECT a IN (SELECT a FROM t1) FROM t1 LIMIT 1;
a IN (SELECT a FROM t1)
1
SHOW SESSION STATUS LIKE 'Last_query_cost';
Variable_name	Value
Last_query_cost	0
SELECT (SELECT a FROM t1 LIMIT 1) x FROM t1 LIMIT 1;
x
1
SHOW SESSION STATUS LIKE 'Last_query_cost';
Variable_name	Value
Last_query_cost	0
SELECT * FROM t1 a, t1 b LIMIT 1;
a	a
1	1
SHOW SESSION STATUS LIKE 'Last_query_cost';
Variable_name	Value
Last_query_cost	4.90426
DROP TABLE t1;
