CREATE TABLE t1 (t time);
SELECT t FROM t1;
t
INSERT INTO t1 VALUES ("10:22:33");
SELECT cast("10:22:33" AS TIME), t FROM t1;
cast("10:22:33" AS TIME)	t
10:22:33	10:22:33
TRUNCATE t1;
INSERT INTO t1 VALUES ("12:34:56.78");
SELECT cast("12:34:56.78" AS TIME), t FROM t1;
cast("12:34:56.78" AS TIME)	t
12:34:56.780000	12:34:56
TRUNCATE t1;
INSERT INTO t1 VALUES (10);
SELECT cast(10 AS TIME), t FROM t1;
cast(10 AS TIME)	t
00:00:10	00:00:10
TRUNCATE t1;
INSERT INTO t1 VALUES (1234);
SELECT cast(1234 AS TIME), t FROM t1;
cast(1234 AS TIME)	t
00:12:34	00:20:34
TRUNCATE t1;
INSERT INTO t1 VALUES (123456.78);
SELECT CAST(123456.78 as TIME), t FROM t1;
CAST(123456.78 as TIME)	t
12:34:56.780000	12:34:56
TRUNCATE t1;
INSERT t1 VALUES (1230);
SELECT CAST(1230 as TIME), t FROM t1;
CAST(1230 as TIME)	t
00:12:30	00:20:30
TRUNCATE t1;
INSERT t1 VALUES ("1230");
SELECT CAST("1230" as TIME), t FROM t1;
CAST("1230" as TIME)	t
00:12:30	00:12:30
TRUNCATE t1;
INSERT t1 VALUES ("12:30");
SELECT CAST("12:30" as TIME), t FROM t1;
CAST("12:30" as TIME)	t
12:30:00	00:12:30
SELECT cast(1234559.99 AS TIME);
cast(1234559.99 AS TIME)
123:45:59.990000
DROP TABLE t1;
