CREATE TABLE t1 (t time);
INSERT INTO t1 VALUES ("00:00:01");
INSERT INTO t1 VALUES ("00:00:04");
INSERT INTO t1 VALUES ("00:00:02");
INSERT INTO t1 VALUES ("00:00:03");
INSERT INTO t1 VALUES ("00:00:06");
INSERT INTO t1 VALUES ("00:00:05");
SELECT t FROM t1 ORDER BY t;
t
00:00:01
00:00:02
00:00:03
00:00:04
00:00:05
00:00:06
DROP TABLE t1;
CREATE TABLE t1 (t time PRIMARY KEY);
INSERT INTO t1 VALUES ("00:00:01");
INSERT INTO t1 VALUES ("00:00:04");
INSERT INTO t1 VALUES ("00:00:02");
INSERT INTO t1 VALUES ("00:00:03");
INSERT INTO t1 VALUES ("00:00:06");
INSERT INTO t1 VALUES ("00:00:05");
SELECT t FROM t1 ORDER BY t;
t
00:00:01
00:00:02
00:00:03
00:00:04
00:00:05
00:00:06
DROP TABLE t1;
