CREATE TABLE t1 (a UUID, PRIMARY KEY(a));
show create table t1;
Table	Create Table
t1	CREATE TABLE `t1` (
  `a` UUID NOT NULL,
  PRIMARY KEY (`a`)
) ENGINE=InnoDB COLLATE = utf8_general_ci
INSERT INTO t1 VALUES ("1b4e28ba-2fa1-11d2-883f-b9a761bde3fb");
SELECT a FROM t1;
a
1b4e28ba-2fa1-11d2-883f-b9a761bde3fb
CREATE TABLE t2 (a REAL);
INSERT INTO t2 SELECT a FROM t1 LIMIT 1;
ERROR 01000: Data truncated for column 'a' at row 1
SELECT a FROM t2;
a
CREATE TABLE t3 (a REAL);
INSERT INTO t3 SELECT a FROM t1 LIMIT 1;
ERROR 01000: Data truncated for column 'a' at row 1
SELECT a FROM t3;
a
DROP TABLE t3;
DROP TABLE t2;
DROP TABLE t1;
