SELECT COUNT(FUNCTION_NAME) FROM DATA_DICTIONARY.FUNCTIONS;
COUNT(FUNCTION_NAME)
#
CREATE TABLE function_names SELECT FUNCTION_NAME FROM DATA_DICTIONARY.FUNCTIONS;
SELECT COUNT(*) FROM function_names;
COUNT(*)
#
DROP TABLE function_names;
