SET SESSION STORAGE_ENGINE = InnoDB;
DROP TABLE IF EXISTS t1, t2, t3, t4;
CREATE TABLE t1 (id INTEGER) ENGINE=InnoDB;
CREATE TABLE t2 (id INTEGER PRIMARY KEY);
CREATE TABLE t3 (a CHAR(32) PRIMARY KEY,id INTEGER);
CREATE TABLE t4 (a CHAR(32) PRIMARY KEY,id INTEGER) ENGINE=InnoDB;
begin;
INSERT INTO t1 (id) VALUES (1);
INSERT INTO t1 SELECT id+1 FROM t1;
INSERT INTO t1 SELECT id+2 FROM t1;
INSERT INTO t1 SELECT id+4 FROM t1;
INSERT INTO t1 SELECT id+8 FROM t1;
INSERT INTO t1 SELECT id+16 FROM t1;
INSERT INTO t1 SELECT id+32 FROM t1;
INSERT INTO t1 SELECT id+64 FROM t1;
INSERT INTO t1 SELECT id+128 FROM t1;
INSERT INTO t1 SELECT id+256 FROM t1;
INSERT INTO t1 SELECT id+512 FROM t1;
INSERT INTO t1 SELECT id+1024 FROM t1;
INSERT INTO t1 SELECT id+2048 FROM t1;
INSERT INTO t1 SELECT SQL_BIG_RESULT id+4096 FROM t1;
INSERT INTO t1 SELECT SQL_BIG_RESULT id+8192 FROM t1;
INSERT INTO t1 SELECT SQL_BIG_RESULT id+16384 FROM t1;
INSERT INTO t1 SELECT SQL_BIG_RESULT id+32768 FROM t1;
INSERT INTO t1 SELECT SQL_BIG_RESULT id+65536 FROM t1;
INSERT INTO t1 SELECT SQL_BIG_RESULT id+131072 FROM t1;
INSERT INTO t1 SELECT SQL_BIG_RESULT id+262144 FROM t1;
INSERT INTO t1 SELECT SQL_BIG_RESULT id+524288 FROM t1;
INSERT INTO t1 SELECT SQL_BIG_RESULT id+1048576 FROM t1;
INSERT INTO t2 SELECT * FROM t1;
INSERT INTO t3 SELECT CONCAT(id),id FROM t2 ORDER BY -id;
INSERT INTO t4 SELECT * FROM t3 ORDER BY CONCAT(a);
SELECT SUM(id) FROM t3;
SUM(id)
2199024304128
COMMIT;
DROP TABLE t1,t2,t3,t4;
