DROP TABLE IF EXISTS `t1`;
set global query_cache_servers= "127.0.0.1:$MC_PORT";
CREATE TABLE `t1` (id integer NOT NULL auto_increment primary key, name varchar(20), age int);
INSERT INTO `t1` (name, age) values ("leila", 20);
INSERT INTO `t1` (name, age) values ("lockman", 2);
INSERT INTO `t1` (name, age) values ("ali", 22);
set query_cache_enable= ON;
select * from t1;
id	name	age
1	leila	20
2	lockman	2
3	ali	22
select * from t1;
id	name	age
1	leila	20
2	lockman	2
3	ali	22
select d.schema, d.sql from data_dictionary.query_cache_entries d where d.sql like "select * from t1";
schema	sql
test	select * from t1
select query_cache_flush();
query_cache_flush()
1
select d.schema, d.sql from data_dictionary.query_cache_entries d where d.sql like "select * from t1";
schema	sql
select count(*) from data_dictionary.query_cache_entries d;
count(*)
0
select * from t1;
id	name	age
1	leila	20
2	lockman	2
3	ali	22
select count(*) from data_dictionary.query_cache_entries d;
count(*)
1
select d.schema, d.sql from data_dictionary.query_cache_entries d where d.sql like "select * from t1";
schema	sql
test	select * from t1
