DROP TABLE IF EXISTS `t1`;
DROP TABLE IF EXISTS `t2`;
set global query_cache_servers= "127.0.0.1:$MC_PORT";
CREATE TABLE `t1` (id integer NOT NULL auto_increment primary key, name varchar(20), age int);
INSERT INTO `t1` (name, age) values ("leila", 20);
INSERT INTO `t1` (name, age) values ("lockman", 2);
INSERT INTO `t1` (name, age) values ("ali", 22);
set query_cache_enable= ON;
select * from t1;
id	name	age
1	leila	20
2	lockman	2
3	ali	22
select d.schema, d.sql from data_dictionary.query_cache_entries d;
schema	sql
test	select * from t1
select d.key from data_dictionary.query_cache_entries d where d.sql like "select * from t1" into @key;;
select print_query_cache_meta(@key);
print_query_cache_meta(@key)
key: "fd2025cd0ef840b16804c84d54327275"
schema: "test"
sql: "select * from t1"
select_header {
  table_meta {
    schema_name: "test"
    table_name: "t1"
  }
  field_meta {
    field_name: "id"
    field_alias: "id"
    table_name: "t1"
    table_alias: "t1"
    schema_name: "test"
  }
  field_meta {
    field_name: "name"
    field_alias: "name"
    table_name: "t1"
    table_alias: "t1"
    schema_name: "test"
  }
  field_meta {
    field_name: "age"
    field_alias: "age"
    table_name: "t1"
    table_alias: "t1"
    schema_name: "test"
  }
}

select d.schema, d.sql from data_dictionary.query_cache_entries d where d.sql like "%print_query_cache_meta%";
schema	sql
select query_cache_flush();
query_cache_flush()
1
select count(*) from data_dictionary.query_cache_entries;
count(*)
0
select d.schema, d.sql from data_dictionary.query_cache_entries d where d.sql like "%print_query_cache_meta%";
schema	sql
