DROP TABLE IF EXISTS `ｱｱｱ`;
DROP TABLE IF EXISTS `ｲｲｲ`;
DROP TABLE IF EXISTS `あああ`;
DROP TABLE IF EXISTS `いいい`;
DROP TABLE IF EXISTS `龖龖龖`;
DROP TABLE IF EXISTS `龗龗龗`;
CREATE TABLE `ｱｱｱ`(`ｷｷｷ` char(5))  engine=INNODB;
CREATE TABLE `ｲｲｲ`(`ｹｹｹ` char(5))  engine=INNODB;
CREATE TABLE `あああ`(`ききき` char(5))  engine=INNODB;
CREATE TABLE `いいい`(`けけけ` char(5))  engine=INNODB;
CREATE TABLE `龖龖龖`(`丂丂丂` char(5))  engine=INNODB;
CREATE TABLE `龗龗龗`(`乚乚乚` char(5))  engine=INNODB;
INSERT INTO `ｱｱｱ` VALUES ('ｱｱｱｱｱ'),('ｲｲｲｲｲ'),('ｳｳｳｳｳ');
INSERT INTO `あああ` VALUES ('あああああ'),('いいいいい'),('ううううう');
INSERT INTO `龖龖龖` VALUES ('丂丂丂丂丂'),('丄丄丄丄丄'),('丅丅丅丅丅');
ALTER TABLE `ｱｱｱ` ADD `ｶｶｶ` char(1) FIRST;
ALTER TABLE `ｱｱｱ` ADD `ｸｸｸ` char(1) AFTER `ｷｷｷ`;
ALTER TABLE `ｱｱｱ` ADD `ｹｹｹ` char(1);
ALTER TABLE `ｱｱｱ` ADD INDEX (`ｶｶｶ`);
ALTER TABLE `ｱｱｱ` ADD PRIMARY KEY (`ｷｷｷ`);
ALTER TABLE `ｱｱｱ` ADD UNIQUE (`ｸｸｸ`);
ALTER TABLE `ｱｱｱ` CHANGE `ｶｶｶ` `ｶｶ` char(1);
ALTER TABLE `ｱｱｱ` MODIFY `ｷｷｷ` char(6);
SELECT * FROM `ｱｱｱ`;
ｶｶ	ｷｷｷ	ｸｸｸ	ｹｹｹ
NULL	ｱｱｱｱｱ	NULL	NULL
NULL	ｲｲｲｲｲ	NULL	NULL
NULL	ｳｳｳｳｳ	NULL	NULL
DESC `ｱｱｱ`;
Field	Type	Null	Default	Default_is_NULL	On_Update
ｶｶ	VARCHAR	YES		YES	
ｷｷｷ	VARCHAR	NO		NO	
ｸｸｸ	VARCHAR	YES		YES	
ｹｹｹ	VARCHAR	YES		YES	
SHOW CREATE TABLE `ｱｱｱ`;
Table	Create Table
ｱｱｱ	CREATE TABLE `ｱｱｱ` (
  `ｶｶ` VARCHAR(1) COLLATE utf8_general_ci DEFAULT NULL,
  `ｷｷｷ` VARCHAR(6) COLLATE utf8_general_ci NOT NULL,
  `ｸｸｸ` VARCHAR(1) COLLATE utf8_general_ci DEFAULT NULL,
  `ｹｹｹ` VARCHAR(1) COLLATE utf8_general_ci DEFAULT NULL,
  PRIMARY KEY (`ｷｷｷ`),
  UNIQUE KEY `ｸｸｸ` (`ｸｸｸ`),
  KEY `ｶｶｶ` (`ｶｶ`)
) ENGINE=InnoDB COLLATE = utf8_general_ci
ALTER TABLE `ｱｱｱ` DROP INDEX `ｶｶｶ`;
ALTER TABLE `ｱｱｱ` DROP PRIMARY KEY;
ALTER TABLE `ｱｱｱ` DROP INDEX `ｸｸｸ`;
ALTER TABLE `ｱｱｱ` DROP `ｶｶ`;
ALTER TABLE `ｱｱｱ` DROP `ｸｸｸ`;
ALTER TABLE `ｱｱｱ` DROP `ｹｹｹ`;
SELECT * FROM `ｱｱｱ`;
ｷｷｷ
ｱｱｱｱｱ
ｲｲｲｲｲ
ｳｳｳｳｳ
DESC `ｱｱｱ`;
Field	Type	Null	Default	Default_is_NULL	On_Update
ｷｷｷ	VARCHAR	NO		NO	
SHOW CREATE TABLE `ｱｱｱ`;
Table	Create Table
ｱｱｱ	CREATE TABLE `ｱｱｱ` (
  `ｷｷｷ` VARCHAR(6) COLLATE utf8_general_ci NOT NULL
) ENGINE=InnoDB COLLATE = utf8_general_ci
ALTER TABLE `あああ` ADD `かかか` char(1) FIRST;
ALTER TABLE `あああ` ADD `くくく` char(1) AFTER `ききき`;
ALTER TABLE `あああ` ADD `けけけ` char(1);
ALTER TABLE `あああ` ADD INDEX (`かかか`);
ALTER TABLE `あああ` ADD PRIMARY KEY (`ききき`);
ALTER TABLE `あああ` ADD UNIQUE (`くくく`);
ALTER TABLE `あああ` CHANGE `かかか` `かか` char(1);
ALTER TABLE `あああ` MODIFY `ききき` char(6);
SELECT * FROM `あああ`;
かか	ききき	くくく	けけけ
NULL	あああああ	NULL	NULL
NULL	いいいいい	NULL	NULL
NULL	ううううう	NULL	NULL
DESC `あああ`;
Field	Type	Null	Default	Default_is_NULL	On_Update
かか	VARCHAR	YES		YES	
ききき	VARCHAR	NO		NO	
くくく	VARCHAR	YES		YES	
けけけ	VARCHAR	YES		YES	
SHOW CREATE TABLE `あああ`;
Table	Create Table
あああ	CREATE TABLE `あああ` (
  `かか` VARCHAR(1) COLLATE utf8_general_ci DEFAULT NULL,
  `ききき` VARCHAR(6) COLLATE utf8_general_ci NOT NULL,
  `くくく` VARCHAR(1) COLLATE utf8_general_ci DEFAULT NULL,
  `けけけ` VARCHAR(1) COLLATE utf8_general_ci DEFAULT NULL,
  PRIMARY KEY (`ききき`),
  UNIQUE KEY `くくく` (`くくく`),
  KEY `かかか` (`かか`)
) ENGINE=InnoDB COLLATE = utf8_general_ci
ALTER TABLE `あああ` DROP INDEX `かかか`;
ALTER TABLE `あああ` DROP PRIMARY KEY;
ALTER TABLE `あああ` DROP INDEX `くくく`;
ALTER TABLE `あああ` DROP `かか`;
ALTER TABLE `あああ` DROP `くくく`;
ALTER TABLE `あああ` DROP `けけけ`;
SELECT * FROM `あああ`;
ききき
あああああ
いいいいい
ううううう
DESC `あああ`;
Field	Type	Null	Default	Default_is_NULL	On_Update
ききき	VARCHAR	NO		NO	
SHOW CREATE TABLE `あああ`;
Table	Create Table
あああ	CREATE TABLE `あああ` (
  `ききき` VARCHAR(6) COLLATE utf8_general_ci NOT NULL
) ENGINE=InnoDB COLLATE = utf8_general_ci
ALTER TABLE `龖龖龖` ADD `丄丄丄` char(1) FIRST;
ALTER TABLE `龖龖龖` ADD `丅丅丅` char(1) AFTER `丂丂丂`;
ALTER TABLE `龖龖龖` ADD `乚乚乚` char(1);
ALTER TABLE `龖龖龖` ADD INDEX (`丄丄丄`);
ALTER TABLE `龖龖龖` ADD PRIMARY KEY (`丂丂丂`);
ALTER TABLE `龖龖龖` ADD UNIQUE (`丅丅丅`);
ALTER TABLE `龖龖龖` CHANGE `丄丄丄` `丄丄` char(1);
ALTER TABLE `龖龖龖` MODIFY `丂丂丂` char(6);
SELECT * FROM `龖龖龖`;
丄丄	丂丂丂	丅丅丅	乚乚乚
NULL	丂丂丂丂丂	NULL	NULL
NULL	丄丄丄丄丄	NULL	NULL
NULL	丅丅丅丅丅	NULL	NULL
DESC `龖龖龖`;
Field	Type	Null	Default	Default_is_NULL	On_Update
丄丄	VARCHAR	YES		YES	
丂丂丂	VARCHAR	NO		NO	
丅丅丅	VARCHAR	YES		YES	
乚乚乚	VARCHAR	YES		YES	
SHOW CREATE TABLE `龖龖龖`;
Table	Create Table
龖龖龖	CREATE TABLE `龖龖龖` (
  `丄丄` VARCHAR(1) COLLATE utf8_general_ci DEFAULT NULL,
  `丂丂丂` VARCHAR(6) COLLATE utf8_general_ci NOT NULL,
  `丅丅丅` VARCHAR(1) COLLATE utf8_general_ci DEFAULT NULL,
  `乚乚乚` VARCHAR(1) COLLATE utf8_general_ci DEFAULT NULL,
  PRIMARY KEY (`丂丂丂`),
  UNIQUE KEY `丅丅丅` (`丅丅丅`),
  KEY `丄丄丄` (`丄丄`)
) ENGINE=InnoDB COLLATE = utf8_general_ci
ALTER TABLE `龖龖龖` DROP INDEX `丄丄丄`;
ALTER TABLE `龖龖龖` DROP PRIMARY KEY;
ALTER TABLE `龖龖龖` DROP INDEX `丅丅丅`;
ALTER TABLE `龖龖龖` DROP `丄丄`;
ALTER TABLE `龖龖龖` DROP `丅丅丅`;
ALTER TABLE `龖龖龖` DROP `乚乚乚`;
SELECT * FROM `龖龖龖`;
丂丂丂
丂丂丂丂丂
丄丄丄丄丄
丅丅丅丅丅
DESC `龖龖龖`;
Field	Type	Null	Default	Default_is_NULL	On_Update
丂丂丂	VARCHAR	NO		NO	
SHOW CREATE TABLE `龖龖龖`;
Table	Create Table
龖龖龖	CREATE TABLE `龖龖龖` (
  `丂丂丂` VARCHAR(6) COLLATE utf8_general_ci NOT NULL
) ENGINE=InnoDB COLLATE = utf8_general_ci
DROP TABLE `ｱｱｱ`;
DROP TABLE `ｲｲｲ`;
DROP TABLE `あああ`;
DROP TABLE `いいい`;
DROP TABLE `龖龖龖`;
DROP TABLE `龗龗龗`;
CREATE TEMPORARY TABLE `ｱｱｱ`(`ｷｷｷ` char(5))  engine=MYISAM;
CREATE TEMPORARY TABLE `ｲｲｲ`(`ｹｹｹ` char(5))  engine=MYISAM;
CREATE TEMPORARY TABLE `あああ`(`ききき` char(5))  engine=MYISAM;
CREATE TEMPORARY TABLE `いいい`(`けけけ` char(5))  engine=MYISAM;
CREATE TEMPORARY TABLE `龖龖龖`(`丂丂丂` char(5))  engine=MYISAM;
CREATE TEMPORARY TABLE `龗龗龗`(`乚乚乚` char(5))  engine=MYISAM;
INSERT INTO `ｱｱｱ` VALUES ('ｱｱｱｱｱ'),('ｲｲｲｲｲ'),('ｳｳｳｳｳ');
INSERT INTO `あああ` VALUES ('あああああ'),('いいいいい'),('ううううう');
INSERT INTO `龖龖龖` VALUES ('丂丂丂丂丂'),('丄丄丄丄丄'),('丅丅丅丅丅');
ALTER TABLE `ｱｱｱ` ADD `ｶｶｶ` char(1) FIRST;
ALTER TABLE `ｱｱｱ` ADD `ｸｸｸ` char(1) AFTER `ｷｷｷ`;
ALTER TABLE `ｱｱｱ` ADD `ｹｹｹ` char(1);
ALTER TABLE `ｱｱｱ` ADD INDEX (`ｶｶｶ`);
ALTER TABLE `ｱｱｱ` ADD PRIMARY KEY (`ｷｷｷ`);
ALTER TABLE `ｱｱｱ` ADD UNIQUE (`ｸｸｸ`);
ALTER TABLE `ｱｱｱ` CHANGE `ｶｶｶ` `ｶｶ` char(1);
ALTER TABLE `ｱｱｱ` MODIFY `ｷｷｷ` char(6);
SELECT * FROM `ｱｱｱ`;
ｶｶ	ｷｷｷ	ｸｸｸ	ｹｹｹ
NULL	ｱｱｱｱｱ	NULL	NULL
NULL	ｲｲｲｲｲ	NULL	NULL
NULL	ｳｳｳｳｳ	NULL	NULL
DESC `ｱｱｱ`;
Field	Type	Null	Default	Default_is_NULL	On_Update
ｶｶ	VARCHAR	YES		YES	
ｷｷｷ	VARCHAR	NO		NO	
ｸｸｸ	VARCHAR	YES		YES	
ｹｹｹ	VARCHAR	YES		YES	
SHOW CREATE TABLE `ｱｱｱ`;
Table	Create Table
ｱｱｱ	CREATE TEMPORARY TABLE `ｱｱｱ` (
  `ｶｶ` VARCHAR(1) COLLATE utf8_general_ci DEFAULT NULL,
  `ｷｷｷ` VARCHAR(6) COLLATE utf8_general_ci NOT NULL,
  `ｸｸｸ` VARCHAR(1) COLLATE utf8_general_ci DEFAULT NULL,
  `ｹｹｹ` VARCHAR(1) COLLATE utf8_general_ci DEFAULT NULL,
  PRIMARY KEY (`ｷｷｷ`),
  UNIQUE KEY `ｸｸｸ` (`ｸｸｸ`),
  KEY `ｶｶｶ` (`ｶｶ`)
) ENGINE=MyISAM COLLATE = utf8_general_ci
ALTER TABLE `ｱｱｱ` DROP INDEX `ｶｶｶ`;
ALTER TABLE `ｱｱｱ` DROP PRIMARY KEY;
ALTER TABLE `ｱｱｱ` DROP INDEX `ｸｸｸ`;
ALTER TABLE `ｱｱｱ` DROP `ｶｶ`;
ALTER TABLE `ｱｱｱ` DROP `ｸｸｸ`;
ALTER TABLE `ｱｱｱ` DROP `ｹｹｹ`;
SELECT * FROM `ｱｱｱ`;
ｷｷｷ
ｱｱｱｱｱ
ｲｲｲｲｲ
ｳｳｳｳｳ
DESC `ｱｱｱ`;
Field	Type	Null	Default	Default_is_NULL	On_Update
ｷｷｷ	VARCHAR	NO		NO	
SHOW CREATE TABLE `ｱｱｱ`;
Table	Create Table
ｱｱｱ	CREATE TEMPORARY TABLE `ｱｱｱ` (
  `ｷｷｷ` VARCHAR(6) COLLATE utf8_general_ci NOT NULL
) ENGINE=MyISAM COLLATE = utf8_general_ci
ALTER TABLE `あああ` ADD `かかか` char(1) FIRST;
ALTER TABLE `あああ` ADD `くくく` char(1) AFTER `ききき`;
ALTER TABLE `あああ` ADD `けけけ` char(1);
ALTER TABLE `あああ` ADD INDEX (`かかか`);
ALTER TABLE `あああ` ADD PRIMARY KEY (`ききき`);
ALTER TABLE `あああ` ADD UNIQUE (`くくく`);
ALTER TABLE `あああ` CHANGE `かかか` `かか` char(1);
ALTER TABLE `あああ` MODIFY `ききき` char(6);
SELECT * FROM `あああ`;
かか	ききき	くくく	けけけ
NULL	あああああ	NULL	NULL
NULL	いいいいい	NULL	NULL
NULL	ううううう	NULL	NULL
DESC `あああ`;
Field	Type	Null	Default	Default_is_NULL	On_Update
かか	VARCHAR	YES		YES	
ききき	VARCHAR	NO		NO	
くくく	VARCHAR	YES		YES	
けけけ	VARCHAR	YES		YES	
SHOW CREATE TABLE `あああ`;
Table	Create Table
あああ	CREATE TEMPORARY TABLE `あああ` (
  `かか` VARCHAR(1) COLLATE utf8_general_ci DEFAULT NULL,
  `ききき` VARCHAR(6) COLLATE utf8_general_ci NOT NULL,
  `くくく` VARCHAR(1) COLLATE utf8_general_ci DEFAULT NULL,
  `けけけ` VARCHAR(1) COLLATE utf8_general_ci DEFAULT NULL,
  PRIMARY KEY (`ききき`),
  UNIQUE KEY `くくく` (`くくく`),
  KEY `かかか` (`かか`)
) ENGINE=MyISAM COLLATE = utf8_general_ci
ALTER TABLE `あああ` DROP INDEX `かかか`;
ALTER TABLE `あああ` DROP PRIMARY KEY;
ALTER TABLE `あああ` DROP INDEX `くくく`;
ALTER TABLE `あああ` DROP `かか`;
ALTER TABLE `あああ` DROP `くくく`;
ALTER TABLE `あああ` DROP `けけけ`;
SELECT * FROM `あああ`;
ききき
あああああ
いいいいい
ううううう
DESC `あああ`;
Field	Type	Null	Default	Default_is_NULL	On_Update
ききき	VARCHAR	NO		NO	
SHOW CREATE TABLE `あああ`;
Table	Create Table
あああ	CREATE TEMPORARY TABLE `あああ` (
  `ききき` VARCHAR(6) COLLATE utf8_general_ci NOT NULL
) ENGINE=MyISAM COLLATE = utf8_general_ci
ALTER TABLE `龖龖龖` ADD `丄丄丄` char(1) FIRST;
ALTER TABLE `龖龖龖` ADD `丅丅丅` char(1) AFTER `丂丂丂`;
ALTER TABLE `龖龖龖` ADD `乚乚乚` char(1);
ALTER TABLE `龖龖龖` ADD INDEX (`丄丄丄`);
ALTER TABLE `龖龖龖` ADD PRIMARY KEY (`丂丂丂`);
ALTER TABLE `龖龖龖` ADD UNIQUE (`丅丅丅`);
ALTER TABLE `龖龖龖` CHANGE `丄丄丄` `丄丄` char(1);
ALTER TABLE `龖龖龖` MODIFY `丂丂丂` char(6);
SELECT * FROM `龖龖龖`;
丄丄	丂丂丂	丅丅丅	乚乚乚
NULL	丂丂丂丂丂	NULL	NULL
NULL	丄丄丄丄丄	NULL	NULL
NULL	丅丅丅丅丅	NULL	NULL
DESC `龖龖龖`;
Field	Type	Null	Default	Default_is_NULL	On_Update
丄丄	VARCHAR	YES		YES	
丂丂丂	VARCHAR	NO		NO	
丅丅丅	VARCHAR	YES		YES	
乚乚乚	VARCHAR	YES		YES	
SHOW CREATE TABLE `龖龖龖`;
Table	Create Table
龖龖龖	CREATE TEMPORARY TABLE `龖龖龖` (
  `丄丄` VARCHAR(1) COLLATE utf8_general_ci DEFAULT NULL,
  `丂丂丂` VARCHAR(6) COLLATE utf8_general_ci NOT NULL,
  `丅丅丅` VARCHAR(1) COLLATE utf8_general_ci DEFAULT NULL,
  `乚乚乚` VARCHAR(1) COLLATE utf8_general_ci DEFAULT NULL,
  PRIMARY KEY (`丂丂丂`),
  UNIQUE KEY `丅丅丅` (`丅丅丅`),
  KEY `丄丄丄` (`丄丄`)
) ENGINE=MyISAM COLLATE = utf8_general_ci
ALTER TABLE `龖龖龖` DROP INDEX `丄丄丄`;
ALTER TABLE `龖龖龖` DROP PRIMARY KEY;
ALTER TABLE `龖龖龖` DROP INDEX `丅丅丅`;
ALTER TABLE `龖龖龖` DROP `丄丄`;
ALTER TABLE `龖龖龖` DROP `丅丅丅`;
ALTER TABLE `龖龖龖` DROP `乚乚乚`;
SELECT * FROM `龖龖龖`;
丂丂丂
丂丂丂丂丂
丄丄丄丄丄
丅丅丅丅丅
DESC `龖龖龖`;
Field	Type	Null	Default	Default_is_NULL	On_Update
丂丂丂	VARCHAR	NO		NO	
SHOW CREATE TABLE `龖龖龖`;
Table	Create Table
龖龖龖	CREATE TEMPORARY TABLE `龖龖龖` (
  `丂丂丂` VARCHAR(6) COLLATE utf8_general_ci NOT NULL
) ENGINE=MyISAM COLLATE = utf8_general_ci
DROP TABLE `ｱｱｱ`;
DROP TABLE `ｲｲｲ`;
DROP TABLE `あああ`;
DROP TABLE `いいい`;
DROP TABLE `龖龖龖`;
DROP TABLE `龗龗龗`;
CREATE TEMPORARY TABLE `ｱｱｱ`(`ｷｷｷ` char(5))  engine=MEMORY;
CREATE TEMPORARY TABLE `ｲｲｲ`(`ｹｹｹ` char(5))  engine=MEMORY;
CREATE TEMPORARY TABLE `あああ`(`ききき` char(5))  engine=MEMORY;
CREATE TEMPORARY TABLE `いいい`(`けけけ` char(5))  engine=MEMORY;
CREATE TEMPORARY TABLE `龖龖龖`(`丂丂丂` char(5))  engine=MEMORY;
CREATE TEMPORARY TABLE `龗龗龗`(`乚乚乚` char(5))  engine=MEMORY;
INSERT INTO `ｱｱｱ` VALUES ('ｱｱｱｱｱ'),('ｲｲｲｲｲ'),('ｳｳｳｳｳ');
INSERT INTO `あああ` VALUES ('あああああ'),('いいいいい'),('ううううう');
INSERT INTO `龖龖龖` VALUES ('丂丂丂丂丂'),('丄丄丄丄丄'),('丅丅丅丅丅');
ALTER TABLE `ｱｱｱ` ADD `ｶｶｶ` char(1) FIRST;
ALTER TABLE `ｱｱｱ` ADD `ｸｸｸ` char(1) AFTER `ｷｷｷ`;
ALTER TABLE `ｱｱｱ` ADD `ｹｹｹ` char(1);
ALTER TABLE `ｱｱｱ` ADD INDEX (`ｶｶｶ`);
ALTER TABLE `ｱｱｱ` ADD PRIMARY KEY (`ｷｷｷ`);
ALTER TABLE `ｱｱｱ` ADD UNIQUE (`ｸｸｸ`);
ALTER TABLE `ｱｱｱ` CHANGE `ｶｶｶ` `ｶｶ` char(1);
ALTER TABLE `ｱｱｱ` MODIFY `ｷｷｷ` char(6);
SELECT * FROM `ｱｱｱ`;
ｶｶ	ｷｷｷ	ｸｸｸ	ｹｹｹ
NULL	ｱｱｱｱｱ	NULL	NULL
NULL	ｲｲｲｲｲ	NULL	NULL
NULL	ｳｳｳｳｳ	NULL	NULL
DESC `ｱｱｱ`;
Field	Type	Null	Default	Default_is_NULL	On_Update
ｶｶ	VARCHAR	YES		YES	
ｷｷｷ	VARCHAR	NO		NO	
ｸｸｸ	VARCHAR	YES		YES	
ｹｹｹ	VARCHAR	YES		YES	
SHOW CREATE TABLE `ｱｱｱ`;
Table	Create Table
ｱｱｱ	CREATE TEMPORARY TABLE `ｱｱｱ` (
  `ｶｶ` VARCHAR(1) COLLATE utf8_general_ci DEFAULT NULL,
  `ｷｷｷ` VARCHAR(6) COLLATE utf8_general_ci NOT NULL,
  `ｸｸｸ` VARCHAR(1) COLLATE utf8_general_ci DEFAULT NULL,
  `ｹｹｹ` VARCHAR(1) COLLATE utf8_general_ci DEFAULT NULL,
  PRIMARY KEY (`ｷｷｷ`),
  UNIQUE KEY `ｸｸｸ` (`ｸｸｸ`),
  KEY `ｶｶｶ` (`ｶｶ`)
) ENGINE=MEMORY COLLATE = utf8_general_ci
ALTER TABLE `ｱｱｱ` DROP INDEX `ｶｶｶ`;
ALTER TABLE `ｱｱｱ` DROP PRIMARY KEY;
ALTER TABLE `ｱｱｱ` DROP INDEX `ｸｸｸ`;
ALTER TABLE `ｱｱｱ` DROP `ｶｶ`;
ALTER TABLE `ｱｱｱ` DROP `ｸｸｸ`;
ALTER TABLE `ｱｱｱ` DROP `ｹｹｹ`;
SELECT * FROM `ｱｱｱ`;
ｷｷｷ
ｱｱｱｱｱ
ｲｲｲｲｲ
ｳｳｳｳｳ
DESC `ｱｱｱ`;
Field	Type	Null	Default	Default_is_NULL	On_Update
ｷｷｷ	VARCHAR	NO		NO	
SHOW CREATE TABLE `ｱｱｱ`;
Table	Create Table
ｱｱｱ	CREATE TEMPORARY TABLE `ｱｱｱ` (
  `ｷｷｷ` VARCHAR(6) COLLATE utf8_general_ci NOT NULL
) ENGINE=MEMORY COLLATE = utf8_general_ci
ALTER TABLE `あああ` ADD `かかか` char(1) FIRST;
ALTER TABLE `あああ` ADD `くくく` char(1) AFTER `ききき`;
ALTER TABLE `あああ` ADD `けけけ` char(1);
ALTER TABLE `あああ` ADD INDEX (`かかか`);
ALTER TABLE `あああ` ADD PRIMARY KEY (`ききき`);
ALTER TABLE `あああ` ADD UNIQUE (`くくく`);
ALTER TABLE `あああ` CHANGE `かかか` `かか` char(1);
ALTER TABLE `あああ` MODIFY `ききき` char(6);
SELECT * FROM `あああ`;
かか	ききき	くくく	けけけ
NULL	あああああ	NULL	NULL
NULL	いいいいい	NULL	NULL
NULL	ううううう	NULL	NULL
DESC `あああ`;
Field	Type	Null	Default	Default_is_NULL	On_Update
かか	VARCHAR	YES		YES	
ききき	VARCHAR	NO		NO	
くくく	VARCHAR	YES		YES	
けけけ	VARCHAR	YES		YES	
SHOW CREATE TABLE `あああ`;
Table	Create Table
あああ	CREATE TEMPORARY TABLE `あああ` (
  `かか` VARCHAR(1) COLLATE utf8_general_ci DEFAULT NULL,
  `ききき` VARCHAR(6) COLLATE utf8_general_ci NOT NULL,
  `くくく` VARCHAR(1) COLLATE utf8_general_ci DEFAULT NULL,
  `けけけ` VARCHAR(1) COLLATE utf8_general_ci DEFAULT NULL,
  PRIMARY KEY (`ききき`),
  UNIQUE KEY `くくく` (`くくく`),
  KEY `かかか` (`かか`)
) ENGINE=MEMORY COLLATE = utf8_general_ci
ALTER TABLE `あああ` DROP INDEX `かかか`;
ALTER TABLE `あああ` DROP PRIMARY KEY;
ALTER TABLE `あああ` DROP INDEX `くくく`;
ALTER TABLE `あああ` DROP `かか`;
ALTER TABLE `あああ` DROP `くくく`;
ALTER TABLE `あああ` DROP `けけけ`;
SELECT * FROM `あああ`;
ききき
あああああ
いいいいい
ううううう
DESC `あああ`;
Field	Type	Null	Default	Default_is_NULL	On_Update
ききき	VARCHAR	NO		NO	
SHOW CREATE TABLE `あああ`;
Table	Create Table
あああ	CREATE TEMPORARY TABLE `あああ` (
  `ききき` VARCHAR(6) COLLATE utf8_general_ci NOT NULL
) ENGINE=MEMORY COLLATE = utf8_general_ci
ALTER TABLE `龖龖龖` ADD `丄丄丄` char(1) FIRST;
ALTER TABLE `龖龖龖` ADD `丅丅丅` char(1) AFTER `丂丂丂`;
ALTER TABLE `龖龖龖` ADD `乚乚乚` char(1);
ALTER TABLE `龖龖龖` ADD INDEX (`丄丄丄`);
ALTER TABLE `龖龖龖` ADD PRIMARY KEY (`丂丂丂`);
ALTER TABLE `龖龖龖` ADD UNIQUE (`丅丅丅`);
ALTER TABLE `龖龖龖` CHANGE `丄丄丄` `丄丄` char(1);
ALTER TABLE `龖龖龖` MODIFY `丂丂丂` char(6);
SELECT * FROM `龖龖龖`;
丄丄	丂丂丂	丅丅丅	乚乚乚
NULL	丂丂丂丂丂	NULL	NULL
NULL	丄丄丄丄丄	NULL	NULL
NULL	丅丅丅丅丅	NULL	NULL
DESC `龖龖龖`;
Field	Type	Null	Default	Default_is_NULL	On_Update
丄丄	VARCHAR	YES		YES	
丂丂丂	VARCHAR	NO		NO	
丅丅丅	VARCHAR	YES		YES	
乚乚乚	VARCHAR	YES		YES	
SHOW CREATE TABLE `龖龖龖`;
Table	Create Table
龖龖龖	CREATE TEMPORARY TABLE `龖龖龖` (
  `丄丄` VARCHAR(1) COLLATE utf8_general_ci DEFAULT NULL,
  `丂丂丂` VARCHAR(6) COLLATE utf8_general_ci NOT NULL,
  `丅丅丅` VARCHAR(1) COLLATE utf8_general_ci DEFAULT NULL,
  `乚乚乚` VARCHAR(1) COLLATE utf8_general_ci DEFAULT NULL,
  PRIMARY KEY (`丂丂丂`),
  UNIQUE KEY `丅丅丅` (`丅丅丅`),
  KEY `丄丄丄` (`丄丄`)
) ENGINE=MEMORY COLLATE = utf8_general_ci
ALTER TABLE `龖龖龖` DROP INDEX `丄丄丄`;
ALTER TABLE `龖龖龖` DROP PRIMARY KEY;
ALTER TABLE `龖龖龖` DROP INDEX `丅丅丅`;
ALTER TABLE `龖龖龖` DROP `丄丄`;
ALTER TABLE `龖龖龖` DROP `丅丅丅`;
ALTER TABLE `龖龖龖` DROP `乚乚乚`;
SELECT * FROM `龖龖龖`;
丂丂丂
丂丂丂丂丂
丄丄丄丄丄
丅丅丅丅丅
DESC `龖龖龖`;
Field	Type	Null	Default	Default_is_NULL	On_Update
丂丂丂	VARCHAR	NO		NO	
SHOW CREATE TABLE `龖龖龖`;
Table	Create Table
龖龖龖	CREATE TEMPORARY TABLE `龖龖龖` (
  `丂丂丂` VARCHAR(6) COLLATE utf8_general_ci NOT NULL
) ENGINE=MEMORY COLLATE = utf8_general_ci
DROP TABLE `ｱｱｱ`;
DROP TABLE `ｲｲｲ`;
DROP TABLE `あああ`;
DROP TABLE `いいい`;
DROP TABLE `龖龖龖`;
DROP TABLE `龗龗龗`;
