SELECT 1;
1
1
CREATE SCHEMA drizzleslap;
SELECT if((count(id) > 1), "YES", "NO") from drizzleslap.t1;
if((count(id) > 1), "YES", "NO")
YES
drop table drizzleslap.t1;
drop schema drizzleslap;
